CampaignName,ReportName,Platform,aircraftID,takeoffdatetime,zone
2009_AK_UAF,OIB_AK_20090822160000_UAF_Report.txt,DHC-3,N226UT,2009-08-22T16:00:00,UTC
2009_AK_UAF,OIB_AK_20090602160000_UAF_Report.txt,DHC-3,N226UT,2009-06-02T16:00:00,UTC
2009_AK_UAF,OIB_AK_20090825160000_UAF_Report.txt,DHC-3,N226UT,2009-08-25T16:00:00,UTC
2009_AK_UAF,OIB_AK_20090820160000_UAF_Report.txt,DHC-3,N226UT,2009-08-20T16:00:00,UTC
2009_AK_UAF,OIB_AK_20090522160000_UAF_Report.txt,DHC-3,N226UT,2009-05-22T16:00:00,UTC
2009_AK_UAF,OIB_AK_20090826160000_UAF_Report.txt,DHC-3,N226UT,2009-08-26T16:00:00,UTC
2009_AK_UAF,OIB_AK_20090906016000_UAF_Report.txt,DHC-3,N226UT,2009-09-06T16:00:00,UTC
2009_AK_UAF,OIB_AK_20090819160000_UAF_Report.txt,DHC-3,N226UT,2009-08-19T16:00:00,UTC
2009_AK_UAF,OIB_AK_20090523160000_UAF_Report.txt,DHC-3,N226UT,2009-05-23T16:00:00,UTC
2009_AN_NASA,OIB_AN_20091018114700_NASA_Report.txt,DC-8,N817NA,2009-10-18T11:47:00,UTC
2009_AN_NASA,OIB_AN_20091024115500_NASA_Report.txt,DC-8,N817NA,2009-10-24T11:55:00,UTC
2009_AN_NASA,OIB_AN_20091118120316_NASA_Report.txt,DC-8,N817NA,2009-11-18T12:03:16,UTC
2009_AN_NASA,OIB_AN_20091020114900_NASA_Report.txt,DC-8,N817NA,2009-10-20T11:49:00,UTC
2009_AN_NASA,OIB_AN_20091115132900_NASA_Report.txt,DC-8,N817NA,2009-11-15T13:29:00,UTC
2009_AN_NASA,OIB_AN_20091030123300_NASA_Report.txt,DC-8,N817NA,2009-10-30T12:33:00,UTC
2009_AN_NASA,OIB_AN_20091025124000_NASA_Report.txt,DC-8,N817NA,2009-10-25T12:40:00,UTC
2009_AN_NASA,OIB_AN_20091028121100_NASA_Report.txt,DC-8,N817NA,2009-10-28T12:11:00,UTC
2009_AN_NASA,OIB_AN_20091103135402_NASA_Report.txt,DC-8,N817NA,2009-11-03T13:54:02,UTC
2009_AN_NASA,OIB_AN_20091109170300_NASA_Report.txt,DC-8,N817NA,2009-11-09T17:03:00,UTC
2009_AN_NASA,OIB_AN_20090917000000_NASA_Report.txt,DC-8,N817NA,9/17/09,
2009_AN_NASA,OIB_AN_20091102131702_NASA_Report.txt,DC-8,N817NA,2009-11-02T13:17:02,UTC
2009_AN_NASA,OIB_AN_20091029115500_NASA_Report.txt,DC-8,N817NA,2009-10-29T11:55:00,UTC
2009_AN_NASA,OIB_AN_20091104141414_NASA_Report.txt,DC-8,N817NA,2009-11-04T14:14:14,UTC
2009_AN_NASA,OIB_AN_20091031115400_NASA_Report.txt,DC-8,N817NA,2009-10-31T11:54:00,UTC
2009_AN_NASA,OIB_AN_20091021125501_NASA_Report.txt,DC-8,N817NA,2009-10-21T12:55:01,UTC
2009_AN_NASA,OIB_AN_20091105131400_NASA_Report.txt,DC-8,N817NA,2009-11-05T13:14:00,UTC
2009_AN_NASA,OIB_AN_20091016121100_NASA_Report.txt,DC-8,N817NA,2009-10-16T12:11:00,UTC
2009_AN_NASA,OIB_AN_20091002185741_NASA_Report.txt,DC-8,N817NA,2009-10-02T18:57:41,UTC
2009_AN_NASA,OIB_AN_20091012060809_NASA_Report.txt,DC-8,N817NA,2009-10-12T06:08:09,UTC
2009_AN_NASA,OIB_AN_20091123123000_NASA_Report.txt,DC-8,N817NA,2009-11-23T12:30:00,UTC
2009_AN_NASA,OIB_AN_20091116160814_NASA_Report.txt,DC-8,N817NA,2009-11-16T16:08:14,UTC
2009_AN_NASA,OIB_AN_20091027115933_NASA_Report.txt,DC-8,N817NA,2009-10-27T11:59:33,UTC
2009_AN_NASA,OIB_AN_20091112140927_NASA_Report.txt,DC-8,N817NA,2009-11-12T14:09:27,UTC
2009_AN_NASA,OIB_AN_20091013153726_NASA_Report.txt,DC-8,N817NA,2009-10-13T15:37:26,UTC
2009_AN_NASA,OIB_AN_20091107133000_NASA_Report.txt,DC-8,N817NA,2009-11-07T13:30:00,UTC
2009_AN_NASA,OIB_AN_20091124000000_NASA_Report.txt,DC-8,N817NA,11/24/09,
2009_AN_NASA,OIB_AN_20091208000000_NASA_Report.txt,DC-8,N817NA,12/8/09,
2009_AN_UTIG,OIB_AN_20091103015400_UTIG_Report.txt,BT-67,C-GJKB,2009-11-03T01:54:00,UTC
2009_AN_UTIG,OIB_AN_20091228034500_UTIG_Report.txt,BT-67,C-GJKB,2009-12-28T03:45:00,UTC
2009_AN_UTIG,OIB_AN_20091222104500_UTIG_Report.txt,BT-67,C-GJKB,2009-12-22T10:45:00,UTC
2009_AN_UTIG,OIB_AN_20091208232500_UTIG_Report.txt,BT-67,C-GJKB,2009-12-08T23:25:00,UTC
2009_AN_UTIG,OIB_AN_20091227031700_UTIG_Report.txt,BT-67,C-GJKB,2009-12-27T03:17:00,UTC
2009_AN_UTIG,OIB_AN_20091125012800_UTIG_Report.txt,BT-67,C-GJKB,2009-11-25T01:28:00,UTC
2009_AN_UTIG,OIB_AN_20091102032100_UTIG_Report.txt,BT-67,C-GJKB,2009-11-02T03:21:00,UTC
2009_AN_UTIG,OIB_AN_20091201013500_UTIG_Report.txt,BT-67,C-GJKB,2009-12-01T01:35:00,UTC
2009_AN_UTIG,OIB_AN_20091110005200_UTIG_Report.txt,BT-67,C-GJKB,2009-11-10T00:52:00,UTC
2009_AN_UTIG,OIB_AN_20091111005800_UTIG_Report.txt,BT-67,C-GJKB,2009-11-11T00:58:00,UTC
2009_AN_UTIG,OIB_AN_20091207020000_UTIG_Report.txt,BT-67,C-GJKB,2009-12-07T02:00:00,UTC
2009_AN_UTIG,OIB_AN_20091219061500_UTIG_Report.txt,BT-67,C-GJKB,2009-12-19T06:15:00,UTC
2009_AN_UTIG,OIB_AN_20091117032100_UTIG_Report.txt,BT-67,C-GJKB,2009-11-17T03:21:00,UTC
2009_AN_UTIG,OIB_AN_20091120011600_UTIG_Report.txt,BT-67,C-GJKB,2009-11-20T01:16:00,UTC
2009_AN_UTIG,OIB_AN_20091116010900_UTIG_Report.txt,BT-67,C-GJKB,2009-11-16T01:09:00,UTC
2009_AN_UTIG,OIB_AN_20091118010000_UTIG_Report.txt,BT-67,C-GJKB,2009-11-18T01:00:00,UTC
2009_AN_UTIG,OIB_AN_20091126012900_UTIG_Report.txt,BT-67,C-GJKB,2009-11-26T01:29:00,UTC
2009_AN_UTIG,OIB_AN_20091127013100_UTIG_Report.txt,BT-67,C-GJKB,2009-11-27T01:31:00,UTC
2009_AN_UTIG,OIB_AN_20091218094000_UTIG_Report.txt,BT-67,C-GJKB,2009-12-18T09:40:00,UTC
2009_AN_UTIG,OIB_AN_20091202014200_UTIG_Report.txt,BT-67,C-GJKB,2009-12-02T01:42:00,UTC
2009_AN_UTIG,OIB_AN_20091217092000_UTIG_Report.txt,BT-67,C-GJKB,2009-12-17T09:20:00,UTC
2009_GR_NASA,OIB_GR_20090422130200_NASA_Report.txt,P-3B,N426NA,2009-04-22T13:02:00,UTC
2009_GR_NASA,OIB_GR_20090502105700_NASA_Report.txt,P-3B,N426NA,2009-05-02T10:57:00,UTC
2009_GR_NASA,OIB_GR_20090420105600_NASA_Report.txt,P-3B,N426NA,2009-04-20T10:56:00,UTC
2009_GR_NASA,OIB_GR_20090424115600_NASA_Report.txt,P-3B,N426NA,2009-04-24T11:56:00,UTC
2009_GR_NASA,OIB_GR_20090410233700_NASA_Report.txt,P-3B,N426NA,2009-04-10T23:37:00,UTC
2009_GR_NASA,OIB_GR_20090423121800_NASA_Report.txt,P-3B,N426NA,2009-04-23T12:18:00,UTC
2009_GR_NASA,OIB_GR_20090428104000_NASA_Report.txt,P-3B,N426NA,2009-04-28T10:40:00,UTC
2009_GR_NASA,OIB_GR_20090401110200_NASA_Report.txt,P-3B,N426NA,2009-04-01T11:02:00,UTC
2009_GR_NASA,OIB_GR_20090505123700_NASA_Report.txt,P-3B,N426NA,2009-05-05T12:37:00,UTC
2009_GR_NASA,OIB_GR_20090405093700_NASA_Report.txt,P-3B,N426NA,2009-04-05T09:37:00,UTC
2009_GR_NASA,OIB_GR_20090414110100_NASA_Report.txt,P-3B,N426NA,2009-04-14T11:01:00,UTC
2009_GR_NASA,OIB_GR_20090501170400_NASA_Report.txt,P-3B,N426NA,2009-05-01T17:04:00,UTC
2009_GR_NASA,OIB_GR_20090413113400_NASA_Report.txt,P-3B,N426NA,2009-04-13T11:34:00,UTC
2009_GR_NASA,OIB_GR_20090406110000_NASA_Report.txt,P-3B,N426NA,2009-04-06T11:00:00,UTC
2009_GR_NASA,OIB_GR_20090407154900_NASA_Report.txt,P-3B,N426NA,2009-04-07T15:49:00,UTC
2009_GR_NASA,OIB_GR_20090421135200_NASA_Report.txt,P-3B,N426NA,2009-04-21T13:52:00,UTC
2009_GR_NASA,OIB_GR_20090331095800_NASA_Report.txt,P-3B,N426NA,2009-03-31T09:58:00,UTC
2009_GR_NASA,OIB_GR_20090416110000_NASA_Report.txt,P-3B,N426NA,2009-04-16T11:00:00,UTC
2009_GR_NASA,OIB_GR_20090506134400_NASA_Report.txt,P-3B,N426NA,2009-05-06T13:44:00,UTC
2009_GR_NASA,OIB_GR_20090417170400_NASA_Report.txt,P-3B,N426NA,2009-04-17T10:27:00,UTC
2009_GR_NASA,OIB_GR_20090427102400_NASA_Report.txt,P-3B,N426NA,2009-04-27T10:24:00,UTC
2009_GR_NASA,OIB_GR_20090425111600_NASA_Report.txt,P-3B,N426NA,2009-04-25T11:16:00,UTC
2009_GR_NASA,OIB_GR_20090411170400_NASA_Report.txt,P-3B,N426NA,2009-04-11T17:04:00,UTC
2009_GR_NASA,OIB_GR_20090402130000_NASA_Report.txt,P-3B,N426NA,2009-04-02T13:00:00,UTC
2009_GR_NASA,OIB_GR_20090520132000_NASA_Report.txt,P-3B,N426NA,2009-05-20T13:20:00,UTC
2009_GR_NASA,OIB_GR_20090330112000_NASA_Report.txt,P-3B,N426NA,2009-03-30T11:20:00,UTC
2010_AK_UAF,OIB_AK_20100821173700_UAF_Report.txt,DHC-3,N226UT,2010-08-21T17:37:00,UTC
2010_AK_UAF,OIB_AK_20100824164000_UAF_Report.txt,DHC-3,N226UT,2010-08-24T16:40:00,UTC
2010_AK_UAF,OIB_AK_20100516165600_UAF_Report.txt,DHC-3,N226UT,2010-05-16T16:56:00,UTC
2010_AK_UAF,OIB_AK_20100526142800_UAF_Report.txt,DHC-3,N226UT,2010-05-26T14:28:00,UTC
2010_AK_UAF,OIB_AK_20100517165100_UAF_Report.txt,DHC-3,N226UT,2010-05-17T16:51:00,UTC
2010_AK_UAF,OIB_AK_20100823191800_UAF_Report.txt,DHC-3,N226UT,2010-08-23T19:18:00,UTC
2010_AN_NASA,OIB_AN_20101110120242_NASA_Report.txt,DC-8,N817NA,2010-11-10T12:02:42,UTC
2010_AN_NASA,OIB_AN_20101104120042_NASA_Report.txt,DC-8,N817NA,2010-11-04T12:00:42,UTC
2010_AN_NASA,OIB_AN_20101019131656_NASA_Report.txt,DC-8,N817NA,2010-10-19T13:16:56,UTC
2010_AN_NASA,OIB_AN_20101026120347_NASA_Report.txt,DC-8,N817NA,2010-10-26T12:03:47,UTC
2010_AN_NASA,OIB_AN_20101113122409_NASA_Report.txt,DC-8,N817NA,2010-11-13T12:24:09,UTC
2010_AN_NASA,OIB_AN_20101028140132_NASA_Report.txt,DC-8,N817NA,2010-10-28T12:03:47,UTC
2010_AN_NASA,OIB_AN_20101105130400_NASA_Report.txt,DC-8,N817NA,2010-11-05T13:04:00,UTC
2010_AN_NASA,OIB_AN_20101106130744_NASA_Report.txt,DC-8,N817NA,2010-11-06T13:07:44,UTC
2010_AN_NASA,OIB_AN_20101030120607_NASA_Report.txt,DC-8,N817NA,2010-10-30T12:06:07,UTC
2010_AN_NASA,OIB_AN_20101119174233_NASA_Report.txt,DC-8,N817NA,2010-11-19T17:42:33,UTC
2010_AN_NASA,OIB_AN_20101120150132_NASA_Report.txt,DC-8,N817NA,2010-11-20T15:01:32,UTC
2010_AN_UTIG,OIB_AN_20110125060655_UTIG_Report.txt,BT-67,C-GJKB,2011-01-25T06:06:55,UTC
2010_AN_UTIG,OIB_AN_20101117223810_UTIG_Report.txt,BT-67,C-GJKB,2010-11-17T22:38:10,UTC
2010_AN_UTIG,OIB_AN_20101213010641_UTIG_Report.txt,BT-67,C-GJKB,2010-12-13T01:06:41,UTC
2010_AN_UTIG,OIB_AN_20110122051404_UTIG_Report.txt,BT-67,C-GJKB,2011-01-22T05:14:04,UTC
2010_AN_UTIG,OIB_AN_20110108052026_UTIG_Report.txt,BT-67,C-GJKB,2011-01-08T05:20:26,UTC
2010_AN_UTIG,OIB_AN_20101226051216_UTIG_Report.txt,BT-67,C-GJKB,2010-12-26T05:12:16,UTC
2010_AN_UTIG,OIB_AN_20101209222637_UTIG_Report.txt,BT-67,C-GJKB,2010-12-09T22:26:37,UTC
2010_AN_UTIG,OIB_AN_20110119051837_UTIG_Report.txt,BT-67,C-GJKB,2011-01-19T05:18:37,UTC
2010_AN_UTIG,OIB_AN_20110124044044_UTIG_Report.txt,BT-67,C-GJKB,2011-01-24T04:40:44,UTC
2010_AN_UTIG,OIB_AN_20101206230705_UTIG_Report.txt,BT-67,C-GJKB,2010-12-06T23:07:05,UTC
2010_AN_UTIG,OIB_AN_20101118084608_UTIG_Report.txt,BT-67,C-GJKB,2010-11-18T08:46:08,UTC
2010_AN_UTIG,OIB_AN_20101230051216_UTIG_Report.txt,BT-67,C-GJKB,2010-12-30T05:12:16,UTC
2010_AN_UTIG,OIB_AN_20110104050745_UTIG_Report.txt,BT-67,C-GJKB,2011-01-04T05:07:45,UTC
2010_AN_UTIG,OIB_AN_20110123051804_UTIG_Report.txt,BT-67,C-GJKB,2011-01-23T05:18:04,UTC
2010_AN_UTIG,OIB_AN_20101125205915_UTIG_Report.txt,BT-67,C-GJKB,2010-11-25T20:59:15,UTC
2010_AN_UTIG,OIB_AN_20110107051727_UTIG_Report.txt,BT-67,C-GJKB,2011-01-07T05:17:27,UTC
2010_AN_UTIG,OIB_AN_20101220050442_UTIG_Report.txt,BT-67,C-GJKB,2010-12-20T05:04:42,UTC
2010_AN_UTIG,OIB_AN_20101201232423_UTIG_Report.txt,BT-67,C-GJKB,2010-12-01T23:24:23,UTC
2010_AN_UTIG,OIB_AN_20110113051152_UTIG_Report.txt,BT-67,C-GJKB,2011-01-13T05:11:52,UTC
2010_AN_UTIG,OIB_AN_20101217041200_UTIG_Report.txt,BT-67,C-GJKB,2010-12-17T04:12:00,UTC
2010_AN_UTIG,OIB_AN_20101124232711_UTIG_Report.txt,BT-67,C-GJKB,2010-11-24T23:27:11,UTC
2010_AN_UTIG,OIB_AN_20101125085418_UTIG_Report.txt,BT-67,C-GJKB,2010-11-25T08:54:18,UTC
2010_AN_UTIG,OIB_AN_20101208223404_UTIG_Report.txt,BT-67,C-GJKB,2010-12-08T22:34:04,UTC
2010_AN_UTIG,OIB_AN_20101218050610_UTIG_Report.txt,BT-67,C-GJKB,2010-12-18T05:06:10,UTC
2010_AN_UTIG,OIB_AN_20101130013100_UTIG_Report.txt,BT-67,C-GJKB,2010-11-30T01:31:00,UTC
2010_AN_UTIG,OIB_AN_20101205232600_UTIG_Report.txt,BT-67,C-GJKB,2010-12-05T23:26:00,UTC
2010_AN_UTIG,OIB_AN_20101123090535_UTIG_Report.txt,BT-67,C-GJKB,2010-11-23T09:05:35,UTC
2010_AN_UTIG,OIB_AN_20101129005925_UTIG_Report.txt,BT-67,C-GJKB,2010-11-29T00:59:25,UTC
2010_AN_UTIG,OIB_AN_20110101052744_UTIG_Report.txt,BT-67,C-GJKB,2011-01-01T05:27:44,UTC
2010_AN_UTIG,OIB_AN_20101207225158_UTIG_Report.txt,BT-67,C-GJKB,2010-12-07T22:51:58,UTC
2010_AN_UTIG,OIB_AN_20110106050755_UTIG_Report.txt,BT-67,C-GJKB,2011-01-06T05:07:55,UTC
2010_AN_UTIG,OIB_AN_20101229052726_UTIG_Report.txt,BT-67,C-GJKB,2010-12-29T05:27:26,UTC
2010_AN_UTIG,OIB_AN_20101221050516_UTIG_Report.txt,BT-67,C-GJKB,2010-12-21T05:05:16,UTC
2010_AN_UTIG,OIB_AN_20110128050750_UTIG_Report.txt,BT-67,C-GJKB,2011-01-28T05:07:50,UTC
2010_AN_UTIG,OIB_AN_20110109004346_UTIG_Report.txt,BT-67,C-GJKB,2011-01-09T00:43:46,UTC
2010_AN_UTIG,OIB_AN_20110118051614_UTIG_Report.txt,BT-67,C-GJKB,2011-01-18T05:16:14,UTC
2010_AN_UTIG,OIB_AN_20110102055653_UTIG_Report.txt,BT-67,C-GJKB,2011-01-02T05:56:53,UTC
2010_AN_UTIG,OIB_AN_20101130084500_UTIG_Report.txt,BT-67,C-GJKB,2010-11-30T08:45:00,UTC
2010_AN_UTIG,OIB_AN_20101122111700_UTIG_Report.txt,BT-67,C-GJKB,2010-11-22T11:17:00,UTC
2010_AN_UTIG,OIB_AN_20110121051434_UTIG_Report.txt,BT-67,C-GJKB,2011-01-21T05:14:34,UTC
2010_GR_NASA,OIB_GR_20100507102300_NASA_Report.txt,P-3B,N426NA,2010-05-07T10:23:00,UTC
2010_GR_NASA,OIB_GR_20100508102000_NASA_Report.txt,P-3B,N426NA,2010-05-08T10:20:00,UTC
2010_GR_NASA,OIB_GR_20100414110237_NASA_Report.txt,DC-8,N817NA,2010-04-14T11:02:37,UTC
2010_GR_NASA,OIB_GR_20100520110000_NASA_Report.txt,P-3B,N426NA,2010-05-20T11:00:00,UTC
2010_GR_NASA,OIB_GR_20100405105951_NASA_Report.txt,DC-8,N817NA,2010-04-05T10:59:51,UTC
2010_GR_NASA,OIB_GR_20100330110432_NASA_Report.txt,DC-8,N817NA,2010-03-30T11:04:32,UTC
2010_GR_NASA,OIB_GR_20100412112722_NASA_Report.txt,DC-8,N817NA,2010-04-12T11:27:22,UTC
2010_GR_NASA,OIB_GR_20100421111337_NASA_Report.txt,DC-8,N817NA,2010-04-21T11:13:37,UTC
2010_GR_NASA,OIB_GR_20100420110049_NASA_Report.txt,DC-8,N817NA,2010-04-20T11:00:49,UTC
2010_GR_NASA,OIB_GR_20100317000000_NASA_Report.txt,DC-8,N817NA,2010-03-17T15:07:00,UTC
2010_GR_NASA,OIB_GR_20100326110900_NASA_Report.txt,DC-8,N817NA,2010-03-26T11:09:00,UTC
2010_GR_NASA,OIB_GR_20100521110000_NASA_Report.txt,P-3B,N426NA,2010-05-21T11:00:00,UTC
2010_GR_NASA,OIB_GR_20100324110249_NASA_Report.txt,DC-8,N817NA,2010-03-24T11:02:49,UTC
2010_GR_NASA,OIB_GR_20100514101500_NASA_Report.txt,P-3B,N426NA,2010-05-14T10:15:00,UTC
2010_GR_NASA,OIB_GR_20100513123000_NASA_Report.txt,P-3B,N426NA,2010-05-13T12:30:00,UTC
2010_GR_NASA,OIB_GR_20100512114600_NASA_Report.txt,P-3B,N426NA,2010-05-12T11:46:00,UTC
2010_GR_NASA,OIB_GR_20100322064054_NASA_Report.txt,DC-8,N817NA,2010-03-22T06:40:54,UTC
2010_GR_NASA,OIB_GR_20100419114036_NASA_Report.txt,DC-8,N817NA,2010-04-19T11:40:36,UTC
2010_GR_NASA,OIB_GR_20100517101600_NASA_Report.txt,P-3B,N426NA,2010-05-17T10:16:00,UTC
2010_GR_NASA,OIB_GR_20100519110000_NASA_Report.txt,P-3B,N426NA,2010-05-19T11:00:00,UTC
2010_GR_NASA,OIB_GR_20100503171700_NASA_Report.txt,P-3B,N426NA,2010-05-03T17:17:00,UTC
2010_GR_NASA,OIB_GR_20100428205400_NASA_Report.txt,P-3B,N426NA,2010-04-28T20:54:00,UTC
2010_GR_NASA,OIB_GR_20100430192500_NASA_Report.txt,P-3B,N426NA,2010-04-30T19:25:00,UTC
2010_GR_NASA,OIB_GR_20100526110900_NASA_Report.txt,P-3B,N426NA,2010-05-26T11:09:00,UTC
2010_GR_NASA,OIB_GR_20100413112148_NASA_Report.txt,DC-8,N817NA,2010-04-13T11:21:48,UTC
2010_GR_NASA,OIB_GR_20100329113529_NASA_Report.txt,DC-8,N817NA,2010-03-29T11:35:29,UTC
2010_GR_NASA,OIB_GR_20100422140916_NASA_Report.txt,DC-8,N817NA,2010-04-22T14:09:16,UTC
2010_GR_NASA,OIB_GR_20100315000000_NASA_Report.txt,DC-8,N817NA,2010-03-15T,
2010_GR_NASA,OIB_GR_20100402110104_NASA_Report.txt,DC-8,N817NA,2010-04-02T11:01:04,UTC
2010_GR_NASA,OIB_GR_20100515114300_NASA_Report.txt,P-3B,N426NA,2010-05-15T11:43:00,UTC
2010_GR_NASA,OIB_GR_20100510112300_NASA_Report.txt,P-3B,N426NA,2010-05-10T11:23:00,UTC
2010_GR_NASA,OIB_GR_20100528114800_NASA_Report.txt,P-3B,N426NA,2010-05-28T11:48:00,UTC
2010_GR_NASA,OIB_GR_20100525110000_NASA_Report.txt,P-3B,N426NA,2010-05-25T11:00:00,UTC
2010_GR_NASA,OIB_GR_20100409110757_NASA_Report.txt,DC-8,N817NA,2010-04-09T11:07:57,UTC
2010_GR_NASA,OIB_GR_20100323110135_NASA_Report.txt,DC-8,N817NA,2010-03-23T11:01:35,UTC
2010_GR_NASA,OIB_GR_20100505124900_NASA_Report.txt,P-3B,N426NA,2010-05-05T12:49:00,UTC
2011_AK_UAF,OIB_AK_20110530022900_UAF_Report.txt,DHC-3,N226UT,2011-05-30T02:29:00,UTC
2011_AK_UAF,OIB_AK_20110529080000_UAF_Report.txt,DHC-3,N226UT,2011-05-29T16:00:00,UTC
2011_AK_UAF,OIB_AK_20110829160000_UAF_Report.txt,DHC-3,N226UT,2011-08-29T16:00:00,UTC
2011_AK_UAF,OIB_AK_20110912080000_UAF_Report.txt,DHC-3,N226UT,2011-09-12T16:00:00,UTC
2011_AK_UAF,OIB_AK_20110516080000_UAF_Report.txt,DHC-3,N226UT,2011-05-16T16:00:00,UTC
2011_AK_UAF,OIB_AK_20110828130000_UAF_Report.txt,DHC-3,N226UT,2011-08-28T21:00:00,UTC
2011_AK_UAF,OIB_AK_20110515080000_UAF_Report.txt,DHC-3,N226UT,2011-05-15T16:00:00,UTC
2011_AK_UAF,OIB_AK_20110911080000_UAF_Report.txt,DHC-3,N226UT,2011-09-11T16:00:00,UTC
2011_AK_UAF,OIB_AK_20110910080000_UAF_Report.txt,DHC-3,N226UT,2011-09-10T16:00:00,UTC
2011_AK_UAF,OIB_AK_20110816080000_UAF_Report.txt,DHC-3,N226UT,2011-08-16T16:00:00,UTC
2011_AN_NASA,OIB_AN_20111024120337_NASA_Report.txt,DC-8,N817NA,2011-10-24T12:03:37,UTC
2011_AN_NASA,OIB_AN_20111018121900_NASA_Report.txt,DC-8,N817NA,2011-10-18T12:19:00,UTC
2011_AN_NASA,OIB_AN_20111030121239_NASA_Report.txt,DC-8,N817NA,2011-10-30T12:12:39,UTC
2011_AN_NASA,OIB_AN_20111014121024_NASA_Report.txt,DC-8,N817NA,2011-10-14T12:10:24,UTC
2011_AN_NASA,OIB_AN_20111026120201_NASA_Report.txt,DC-8,N817NA,2011-10-26T12:02:01,UTC
2011_AN_NASA,OIB_AN_20111012122000_NASA_Report.txt,DC-8,N817NA,2011-10-12T12:20:00,UTC
2011_AN_NASA,OIB_AN_20111012114200_NASA_Report.txt,G-V,N677F,2011-10-12T11:42:00,UTC
2011_AN_NASA,OIB_AN_20111119125746_NASA_Report.txt,DC-8,N817NA,2011-11-19T12:57:46,UTC
2011_AN_NASA,OIB_AN_20111103115943_NASA_Report.txt,DC-8,N817NA,2011-11-03T11:59:43,UTC
2011_AN_NASA,OIB_AN_20111113125154_NASA_Report.txt,DC-8,N817NA,2011-11-13T12:51:54,UTC
2011_AN_NASA,OIB_AN_20111026125200_NASA_Report.txt,G-V,N677F,2011-10-26T12:52:00,UTC
2011_AN_NASA,OIB_AN_20111023115959_NASA_Report.txt,DC-8,N817NA,2011-10-23T11:59:59,UTC
2011_AN_NASA,OIB_AN_20111023135500_NASA_Report.txt,G-V,N677F,2011-10-23T13:55:00,UTC
2011_AN_NASA,OIB_AN_20111029115946_NASA_Report.txt,DC-8,N817NA,2011-10-29T11:59:46,UTC
2011_AN_NASA,OIB_AN_20111017120055_NASA_Report.txt,DC-8,N817NA,2011-10-17T12:00:55,UTC
2011_AN_NASA,OIB_AN_20111027145100_NASA_Report.txt,G-V,N677F,2011-10-27T14:51:00,UTC
2011_AN_NASA,OIB_AN_20111007115800_NASA_Report.txt,G-V,N677F,2011-10-07T11:58:00,UTC
2011_AN_NASA,OIB_AN_20111025115354_NASA_Report.txt,DC-8,N817NA,2011-10-25T11:53:54,UTC
2011_AN_NASA,OIB_AN_20111117115955_NASA_Report.txt,DC-8,N817NA,2011-11-17T11:59:55,UTC
2011_AN_NASA,OIB_AN_20111029124700_NASA_Report.txt,G-V,N677F,2011-10-29T12:47:00,UTC
2011_AN_NASA,OIB_AN_20111022121100_NASA_Report.txt,G-V,N677F,2011-10-22T12:11:00,UTC
2011_AN_NASA,OIB_AN_20111013123328_NASA_Report.txt,DC-8,N817NA,2011-10-13T12:33:28,UTC
2011_AN_NASA,OIB_AN_20111008134500_NASA_Report.txt,G-V,N677F,2011-10-08T13:45:00,UTC
2011_AN_NASA,OIB_AN_20111020115959_NASA_Report.txt,DC-8,N817NA,2011-10-20T11:59:59,UTC
2011_AN_NASA,OIB_AN_20111017114500_NASA_Report.txt,G-V,N677F,2011-10-17T11:45:00,UTC
2011_AN_NASA,OIB_AN_20111021120012_NASA_Report.txt,DC-8,N817NA,2011-10-21T12:00:12,UTC
2011_AN_NASA,OIB_AN_20111111141125_NASA_Report.txt,DC-8,N817NA,2011-11-11T14:11:25,UTC
2011_AN_NASA,OIB_AN_20111109121330_NASA_Report.txt,DC-8,N817NA,2011-11-09T12:13:30,UTC
2011_AN_NASA,OIB_AN_20111107115400_NASA_Report.txt,DC-8,N817NA,2011-11-07T11:54:00,UTC
2011_AN_NASA,OIB_AN_20111112135920_NASA_Report.txt,DC-8,N817NA,2011-11-12T13:59:20,UTC
2011_AN_NASA,OIB_AN_20111114125254_NASA_Report.txt,DC-8,N817NA,2011-11-14T12:52:54,UTC
2011_AN_NASA,OIB_AN_20111010113800_NASA_Report.txt,G-V,N677F,2011-10-10T11:38:00,UTC
2011_AN_NASA,OIB_AN_20111019114600_NASA_Report.txt,G-V,N677F,2011-10-19T11:46:00,UTC
2011_AN_NASA,OIB_AN_20111104144838_NASA_Report.txt,DC-8,N817NA,2011-11-04T14:48:38,UTC
2011_AN_NASA,OIB_AN_20111014161000_NASA_Report.txt,G-V,N677F,2011-10-14T16:10:00,UTC
2011_AN_NASA,OIB_AN_20111116121012_NASA_Report.txt,DC-8,N817NA,2011-11-16T12:10:12,UTC
2011_AN_NASA,OIB_AN_20111015112800_NASA_Report.txt,G-V,N677F,2011-10-15T11:28:00,UTC
2011_AN_UTIG,OIB_AN_20111109023000_UTIG_Report.txt,BT-67,C-GJKB,2011-11-09T02:30:00,UTC
2011_AN_UTIG,OIB_AN_20111114013600_UTIG_Report.txt,BT-67,C-GJKB,2011-11-14T01:36:00,UTC
2011_AN_UTIG,OIB_AN_20111128010800_UTIG_Report.txt,BT-67,C-GJKB,2011-11-28T01:08:00,UTC
2011_AN_UTIG,OIB_AN_20111129004400_UTIG_Report.txt,BT-67,C-GJKB,2011-11-29T00:44:00,UTC
2011_AN_UTIG,OIB_AN_20111214084700_UTIG_Report.txt,BT-67,C-GJKB,2011-12-14T08:47:00,UTC
2011_AN_UTIG,OIB_AN_20111218211400_UTIG_Report.txt,BT-67,C-GJKB,2011-12-18T21:14:00,UTC
2011_AN_UTIG,OIB_AN_20111116005900_UTIG_Report.txt,BT-67,C-GJKB,2011-11-16T00:59:00,UTC
2011_AN_UTIG,OIB_AN_20111119010200_UTIG_Report.txt,BT-67,C-GJKB,2011-11-19T01:02:00,UTC
2011_AN_UTIG,OIB_AN_20111212012600_UTIG_Report.txt,BT-67,C-GJKB,2011-12-12T01:26:00,UTC
2011_AN_UTIG,OIB_AN_20111130025300_UTIG_Report.txt,BT-67,C-GJKB,2011-11-30T02:53:00,UTC
2011_AN_UTIG,OIB_AN_20111222215300_UTIG_Report.txt,BT-67,C-GJKB,2011-12-22T21:53:00,UTC
2011_AN_UTIG,OIB_AN_20111112005800_UTIG_Report.txt,BT-67,C-GJKB,2011-11-12T00:58:00,UTC
2011_AN_UTIG,OIB_AN_20111115014500_UTIG_Report.txt,BT-67,C-GJKB,2011-11-15T01:45:00,UTC
2011_AN_UTIG,OIB_AN_20111201221900_UTIG_Report.txt,BT-67,C-GJKB,2011-12-01T22:19:00,UTC
2011_AN_UTIG,OIB_AN_20111211024600_UTIG_Report.txt,BT-67,C-GJKB,2011-12-11T02:46:00,UTC
2011_AN_UTIG,OIB_AN_20111203035300_UTIG_Report.txt,BT-67,C-GJKB,2011-12-03T03:53:00,UTC
2011_AN_UTIG,OIB_AN_20111118010700_UTIG_Report.txt,BT-67,C-GJKB,2011-11-18T01:07:00,UTC
2011_AN_UTIG,OIB_AN_20111209071600_UTIG_Report.txt,BT-67,C-GJKB,2011-12-09T07:16:00,UTC
2011_AN_UTIG,OIB_AN_20111214024800_UTIG_Report.txt,BT-67,C-GJKB,2011-12-14T02:48:00,UTC
2011_AN_UTIG,OIB_AN_20111220202400_UTIG_Report.txt,BT-67,C-GJKB,2011-12-20T20:24:00,UTC
2011_AN_UTIG,OIB_AN_20111215011400_UTIG_Report.txt,BT-67,C-GJKB,2011-12-15T01:14:00,UTC
2011_GR_NASA,OIB_GR_20110516110400_NASA_Report.txt,P-3B,N426NA,2011-05-16T11:04:00,UTC
2011_GR_NASA,OIB_GR_20110505100500_NASA_Report.txt,B-200,N529NA,2011-05-05T10:05:00,UTC
2011_GR_NASA,OIB_GR_20110511110500_NASA_Report.txt,P-3B,N426NA,2011-05-11T11:05:00,UTC
2011_GR_NASA,OIB_GR_20110415102600_NASA_Report.txt,B-200,N529NA,2011-04-15T10:26:00,UTC
2011_GR_NASA,OIB_GR_20110418160200_NASA_Report.txt,B-200,N529NA,2011-04-18T16:02:00,UTC
2011_GR_NASA,OIB_GR_20110418101800_NASA_Report.txt,B-200,N529NA,2011-04-18T10:18:00,UTC
2011_GR_NASA,OIB_GR_20110506101300_NASA_Report.txt,B-200,N529NA,2011-05-06T10:13:00,UTC
2011_GR_NASA,OIB_GR_20110416102300_NASA_Report.txt,B-200,N529NA,2011-04-16T10:23:00,UTC
2011_GR_NASA,OIB_GR_20110428103500_NASA_Report.txt,P-3B,N426NA,2011-04-28T10:35:00,UTC
2011_GR_NASA,OIB_GR_20110414102100_NASA_Report.txt,P-3B,N426NA,2011-04-14T10:21:00,UTC
2011_GR_NASA,OIB_GR_20110416105500_NASA_Report.txt,P-3B,N426NA,2011-04-16T10:55:00,UTC
2011_GR_NASA,OIB_GR_20110326110000_NASA_Report.txt,P-3B,N426NA,2011-03-26T11:00:00,UTC
2011_GR_NASA,OIB_GR_20110509110700_NASA_Report.txt,P-3B,N426NA,2011-05-09T11:07:00,UTC
2011_GR_NASA,OIB_GR_20110502122600_NASA_Report.txt,B-200,N529NA,2011-05-02T12:26:00,UTC
2011_GR_NASA,OIB_GR_20110505135200_NASA_Report.txt,P-3B,N426NA,2011-05-05T13:52:00,UTC
2011_GR_NASA,OIB_GR_20110503103000_NASA_Report.txt,B-200,N529NA,2011-05-03T10:30:00,UTC
2011_GR_NASA,OIB_GR_20110322125300_NASA_Report.txt,P-3B,N426NA,2011-03-22T12:53:00,UTC
2011_GR_NASA,OIB_GR_20110502110100_NASA_Report.txt,P-3B,N426NA,2011-05-02T11:01:00,UTC
2011_GR_NASA,OIB_GR_20110418103300_NASA_Report.txt,P-3B,N426NA,2011-04-18T10:33:00,UTC
2011_GR_NASA,OIB_GR_20110419103900_NASA_Report.txt,B-200,N529NA,2011-04-19T10:39:00,UTC
2011_GR_NASA,OIB_GR_20110407102300_NASA_Report.txt,P-3B,N426NA,2011-04-07T10:23:00,UTC
2011_GR_NASA,OIB_GR_20110323160200_NASA_Report.txt,P-3B,N426NA,2011-03-23T16:02:00,UTC
2011_GR_NASA,OIB_GR_20110420103600_NASA_Report.txt,B-200,N529NA,2011-04-20T10:36:00,UTC
2011_GR_NASA,OIB_GR_20110422103400_NASA_Report.txt,B-200,N529NA,2011-04-22T10:34:00,UTC
2011_GR_NASA,OIB_GR_20110413101500_NASA_Report.txt,P-3B,N426NA,2011-04-13T10:15:00,UTC
2011_GR_NASA,OIB_GR_20110425102000_NASA_Report.txt,B-200,N529NA,2011-04-25T10:20:00,UTC
2011_GR_NASA,OIB_GR_20110415102100_NASA_Report.txt,P-3B,N426NA,2011-04-15T10:21:00,UTC
2011_GR_NASA,OIB_GR_20110317112000_NASA_Report.txt,P-3B,N426NA,2011-03-17T11:20:00,UTC
2011_GR_NASA,OIB_GR_20110331110600_NASA_Report.txt,P-3B,N426NA,2011-03-31T11:06:00,UTC
2011_GR_NASA,OIB_GR_20110510110300_NASA_Report.txt,P-3B,N426NA,2011-05-10T11:03:00,UTC
2011_GR_NASA,OIB_GR_20110416154400_NASA_Report.txt,B-200,N529NA,2011-04-16T15:44:00,UTC
2011_GR_NASA,OIB_GR_20110408102300_NASA_Report.txt,P-3B,N426NA,2011-04-08T10:23:00,UTC
2011_GR_NASA,OIB_GR_20110513111000_NASA_Report.txt,P-3B,N426NA,2011-05-13T11:10:00,UTC
2011_GR_NASA,OIB_GR_20110504114000_NASA_Report.txt,P-3B,N426NA,2011-05-04T11:40:00,UTC
2011_GR_NASA,OIB_GR_20110405102200_NASA_Report.txt,P-3B,N426NA,2011-04-05T10:22:00,UTC
2011_GR_NASA,OIB_GR_20110506110600_NASA_Report.txt,P-3B,N426NA,2011-05-06T11:06:00,UTC
2011_GR_NASA,OIB_GR_20110328110000_NASA_Report.txt,P-3B,N426NA,2011-03-28T11:00:00,UTC
2011_GR_NASA,OIB_GR_20110329110100_NASA_Report.txt,P-3B,N426NA,2011-03-29T11:01:00,UTC
2011_GR_NASA,OIB_GR_20110412101700_NASA_Report.txt,P-3B,N426NA,2011-04-12T10:17:00,UTC
2011_GR_NASA,OIB_GR_20110422142800_NASA_Report.txt,P-3B,N426NA,2011-04-22T14:28:00,UTC
2011_GR_NASA,OIB_GR_20110426101400_NASA_Report.txt,P-3B,N426NA,2011-04-26T10:14:00,UTC
2011_GR_NASA,OIB_GR_20110406103200_NASA_Report.txt,P-3B,N426NA,2011-04-06T10:32:00,UTC
2011_GR_NASA,OIB_GR_20110325085000_NASA_Report.txt,P-3B,N426NA,2011-03-25T08:50:00,UTC
2011_GR_NASA,OIB_GR_20110507114200_NASA_Report.txt,B-200,N529NA,2011-05-07T11:42:00,UTC
2011_GR_NASA,OIB_GR_20110512110500_NASA_Report.txt,P-3B,N426NA,2011-05-12T11:05:00,UTC
2011_GR_NASA,OIB_GR_20110421103300_NASA_Report.txt,B-200,N529NA,2011-04-21T10:33:00,UTC
2011_GR_NASA,OIB_GR_20110411103200_NASA_Report.txt,P-3B,N426NA,2011-04-11T10:32:00,UTC
2011_GR_NASA,OIB_GR_20110318111300_NASA_Report.txt,P-3B,N426NA,2011-03-18T11:13:00,UTC
2011_GR_NASA,OIB_GR_20110316110400_NASA_Report.txt,P-3B,N426NA,2011-03-16T11:04:00,UTC
2011_GR_NASA,OIB_GR_20110507110000_NASA_Report.txt,P-3B,N426NA,2011-05-07T11:00:00,UTC
2011_GR_NASA,OIB_GR_20110429111400_NASA_Report.txt,P-3B,N426NA,2011-04-29T11:14:00,UTC
2011_GR_NASA,OIB_GR_20110423102400_NASA_Report.txt,P-3B,N426NA,2011-04-23T10:24:00,UTC
2011_GR_NASA,OIB_GR_20110425101000_NASA_Report.txt,P-3B,N426NA,2011-04-25T10:10:00,UTC
2011_GR_NASA,OIB_GR_20110506160700_NASA_Report.txt,B-200,N529NA,2011-05-06T16:07:00,UTC
2011_GR_NASA,OIB_GR_20110409102500_NASA_Report.txt,P-3B,N426NA,2011-04-09T10:25:00,UTC
2011_GR_NASA,OIB_GR_20110505155200_NASA_Report.txt,B-200,N529NA,2011-05-05T15:52:00,UTC
2011_GR_NASA,OIB_GR_20110419101700_NASA_Report.txt,P-3B,N426NA,2011-04-19T10:17:00,UTC
2011_GR_NASA,OIB_GR_20110415161800_NASA_Report.txt,B-200,N529NA,2011-04-15T16:18:00,UTC
2012_AK_UAF,OIB_AK_20120829175500_UAF_Report.txt,DHC-3,N226UT,2012-08-29T17:55:00,UTC
2012_AK_UAF,OIB_AK_20120814194800_UAF_Report.txt,DHC-3,N226UT,2012-08-14T19:48:00,UTC
2012_AK_UAF,OIB_AK_20120316231500_UAF_Report.txt,DHC-3,N226UT,2012-03-16T23:15:00,UTC
2012_AK_UAF,OIB_AK_20120317205300_UAF_Report.txt,DHC-3,N226UT,2012-03-17T20:53:00,UTC
2012_AK_UAF,OIB_AK_20120815182000_UAF_Report.txt,DHC-3,N226UT,2012-08-15T18:20:00,UTC
2012_AK_UAF,OIB_AK_20120325181700_UAF_Report.txt,DHC-3,N226UT,2012-03-25T18:17:00,UTC
2012_AK_UAF,OIB_AK_20120817175300_UAF_Report.txt,DHC-3,N226UT,2012-08-17T17:53:00,UTC
2012_AK_UAF,OIB_AK_20120524182600_UAF_Report.txt,DHC-3,N226UT,2012-05-24T18:26:00,UTC
2012_AK_UAF,OIB_AK_20120816180200_UAF_Report.txt,DHC-3,N226UT,2012-08-16T18:02:00,UTC
2012_AK_UAF,OIB_AK_20120321191300_UAF_Report.txt,DHC-3,N226UT,2012-03-21T19:13:00,UTC
2012_AK_UAF,OIB_AK_20120322183900_UAF_Report.txt,DHC-3,N226UT,2012-03-22T18:39:00,UTC
2012_AK_UAF,OIB_AK_20120318192700_UAF_Report.txt,DHC-3,N226UT,2012-03-18T19:27:00,UTC
2012_AK_UAF,OIB_AK_20120320184900_UAF_Report.txt,DHC-3,N226UT,2012-03-20T18:49:00,UTC
2012_AK_UAF,OIB_AK_20120822162600_UAF_Report.txt,DHC-3,N226UT,2012-08-22T16:26:00,UTC
2012_AK_UAF,OIB_AK_20120830173000_UAF_Report.txt,DHC-3,N226UT,2012-08-30T17:30:00,UTC
2012_AK_UAF,OIB_AK_20120323184300_UAF_Report.txt,DHC-3,N226UT,2012-03-23T18:43:00,UTC
2012_AK_UAF,OIB_AK_20120821170800_UAF_Report.txt,DHC-3,N226UT,2012-08-21T17:08:00,UTC
2012_AN_NASA,OIB_AN_20121101120700_NASA_Report.txt,DC-8,N817NA,2012-11-01T12:07:00,UTC
2012_AN_NASA,OIB_AN_20121008055600_NASA_Report.txt,DC-8,N817NA,2012-10-08T05:56:00,UTC
2012_AN_NASA,OIB_AN_20121002181400_NASA_Report.txt,DC-8,N817NA,2012-10-02T18:14:00,UTC
2012_AN_NASA,OIB_AN_20121016133400_NASA_Report.txt,DC-8,N817NA,2012-10-16T13:34:00,UTC
2012_AN_NASA,OIB_AN_20121102151700_NASA_Report.txt,DC-8,N817NA,2012-11-02T15:17:00,UTC
2012_AN_NASA,OIB_AN_20121018120000_NASA_Report.txt,DC-8,N817NA,2012-10-18T12:00:00,UTC
2012_AN_NASA,OIB_AN_20121110132400_NASA_Report.txt,DC-8,N817NA,2012-11-10T13:24:00,UTC
2012_AN_NASA,OIB_AN_20121022120000_NASA_Report.txt,DC-8,N817NA,2012-10-22T12:00:00,UTC
2012_AN_NASA,OIB_AN_20121003170300_NASA_Report.txt,DC-8,N817NA,2012-10-03T17:03:00,UTC
2012_AN_NASA,OIB_AN_20121010125400_NASA_Report.txt,DC-8,N817NA,2012-10-10T12:54:00,UTC
2012_AN_NASA,OIB_AN_20121027115500_NASA_Report.txt,DC-8,N817NA,2012-10-27T11:55:00,UTC
2012_AN_NASA,OIB_AN_20121106165900_NASA_Report.txt,DC-8,N817NA,2012-11-06T16:59:00,UTC
2012_AN_NASA,OIB_AN_20121104120000_NASA_Report.txt,DC-8,N817NA,2012-11-04T12:00:00,UTC
2012_AN_NASA,OIB_AN_20121012120500_NASA_Report.txt,DC-8,N817NA,2012-10-12T12:05:00,UTC
2012_AN_NASA,OIB_AN_20121015115900_NASA_Report.txt,DC-8,N817NA,2012-10-15T11:59:00,UTC
2012_AN_NASA,OIB_AN_20121109140900_NASA_Report.txt,DC-8,N817NA,2012-11-09T14:09:00,UTC
2012_AN_NASA,OIB_AN_20121019140000_NASA_Report.txt,DC-8,N817NA,2012-10-19T14:00:00,UTC
2012_AN_NASA,OIB_AN_20121107163100_NASA_Report.txt,DC-8,N817NA,2012-11-07T16:31:00,UTC
2012_AN_NASA,OIB_AN_20121028135700_NASA_Report.txt,DC-8,N817NA,2012-10-28T13:57:00,UTC
2012_AN_NASA,OIB_AN_20121013132700_NASA_Report.txt,DC-8,N817NA,2012-10-13T13:27:00,UTC
2012_AN_NASA,OIB_AN_20121111021000_NASA_Report.txt,DC-8,N817NA,2012-11-11T02:10:00,UTC
2012_AN_NASA,OIB_AN_20121023133800_NASA_Report.txt,DC-8,N817NA,2012-10-23T13:38:00,UTC
2012_AN_NASA,OIB_AN_20121025122900_NASA_Report.txt,DC-8,N817NA,2012-10-25T12:29:00,UTC
2012_AN_UTIG,OIB_AN_20130116195900_UTIG_Report.txt,BT-67,C-GJKB,2013-01-16T19:59:00,UTC
2012_AN_UTIG,OIB_AN_20130110220800_UTIG_Report.txt,BT-67,C-GJKB,2013-01-10T22:08:00,UTC
2012_AN_UTIG,OIB_AN_20121122011200_UTIG_Report.txt,BT-67,C-GJKB,2012-11-22T01:12:00,UTC
2012_AN_UTIG,OIB_AN_20121110021000_UTIG_Report.txt,BT-67,C-GJKB,2012-11-10T02:10:00,UTC
2012_AN_UTIG,OIB_AN_20130115202900_UTIG_Report.txt,BT-67,C-GJKB,2013-01-15T20:29:00,UTC
2012_AN_UTIG,OIB_AN_20121113211000_UTIG_Report.txt,BT-67,C-GJKB,2012-11-13T21:10:00,UTC
2012_AN_UTIG,OIB_AN_20121123063200_UTIG_Report.txt,BT-67,C-GJKB,2012-11-23T06:32:00,UTC
2012_AN_UTIG,OIB_AN_20130121200000_UTIG_Report.txt,BT-67,C-GJKB,2013-01-21T20:00:00,UTC
2012_AN_UTIG,OIB_AN_20121210215600_UTIG_Report.txt,BT-67,C-GJKB,2012-12-10T21:56:00,UTC
2012_AN_UTIG,OIB_AN_20130119195000_UTIG_Report.txt,BT-67,C-GJKB,2013-01-19T19:50:00,UTC
2012_AN_UTIG,OIB_AN_20130113234100_UTIG_Report.txt,BT-67,C-GJKB,2013-01-13T23:41:00,UTC
2012_AN_UTIG,OIB_AN_20121201011000_UTIG_Report.txt,BT-67,C-GJKB,2012-12-01T01:10:00,UTC
2012_AN_UTIG,OIB_AN_20121112034000_UTIG_Report.txt,BT-67,C-GJKB,2012-11-12T03:40:00,UTC
2012_AN_UTIG,OIB_AN_20121126070500_UTIG_Report.txt,BT-67,C-GJKB,2012-11-26T07:05:00,UTC
2012_AN_UTIG,OIB_AN_20121113003800_UTIG_Report.txt,BT-67,C-GJKB,2012-11-13T00:38:00,UTC
2012_AN_UTIG,OIB_AN_20121122072000_UTIG_Report.txt,BT-67,C-GJKB,2012-11-22T07:20:00,UTC
2012_AN_UTIG,OIB_AN_20121130084800_UTIG_Report.txt,BT-67,C-GJKB,2012-11-30T08:48:00,UTC
2012_AN_UTIG,OIB_AN_20130121022400_UTIG_Report.txt,BT-67,C-GJKB,2013-01-21T02:24:00,UTC
2012_AN_UTIG,OIB_AN_20121203215600_UTIG_Report.txt,BT-67,C-GJKB,2012-12-03T21:56:00,UTC
2012_AN_UTIG,OIB_AN_20130120190700_UTIG_Report.txt,BT-67,C-GJKB,2013-01-20T19:07:00,UTC
2012_AN_UTIG,OIB_AN_20121201070500_UTIG_Report.txt,BT-67,C-GJKB,2012-12-01T07:05:00,UTC
2012_AN_UTIG,OIB_AN_20121130010000_UTIG_Report.txt,BT-67,C-GJKB,2012-11-30T01:00:00,UTC
2012_AN_UTIG,OIB_AN_20121202031400_UTIG_Report.txt,BT-67,C-GJKB,2012-12-02T03:14:00,UTC
2012_AN_UTIG,OIB_AN_20121123010500_UTIG_Report.txt,BT-67,C-GJKB,2012-11-23T01:05:00,UTC
2012_GR_NASA,OIB_GR_20120428121000_NASA_Report.txt,HU-25C,N525NA,2012-04-28T12:10:00,UTC
2012_GR_NASA,OIB_GR_20120317164800_NASA_Report.txt,P-3B,N426NA,2012-03-17T16:48:00,UTC
2012_GR_NASA,OIB_GR_20120421102200_NASA_Report.txt,P-3B,N426NA,2012-04-21T10:22:00,UTC
2012_GR_NASA,OIB_GR_20120327110000_NASA_Report.txt,P-3B,N426NA,2012-03-27T11:00:00,UTC
2012_GR_NASA,OIB_GR_20120511110200_NASA_Report.txt,P-3B,N426NA,2012-05-11T11:02:00,UTC
2012_GR_NASA,OIB_GR_20120509140300_NASA_Report.txt,HU-25C,N525NA,2012-05-09T14:03:00,UTC
2012_GR_NASA,OIB_GR_20120413103400_NASA_Report.txt,P-3B,N426NA,2012-04-13T10:34:00,UTC
2012_GR_NASA,OIB_GR_20120423101900_NASA_Report.txt,P-3B,N426NA,2012-04-23T10:19:00,UTC
2012_GR_NASA,OIB_GR_20120505103000_NASA_Report.txt,HU-25C,N525NA,2012-05-05T10:30:00,UTC
2012_GR_NASA,OIB_GR_20120510102000_NASA_Report.txt,HU-25C,N525NA,2012-05-10T10:20:00,UTC
2012_GR_NASA,OIB_GR_20120507150300_NASA_Report.txt,HU-25C,N525NA,2012-05-07T15:03:00,UTC
2012_GR_NASA,OIB_GR_20120507102000_NASA_Report.txt,HU-25C,N525NA,2012-05-07T10:20:00,UTC
2012_GR_NASA,OIB_GR_20120502110600_NASA_Report.txt,P-3B,N426NA,2012-05-02T11:06:00,UTC
2012_GR_NASA,OIB_GR_20120418101500_NASA_Report.txt,P-3B,N426NA,2012-04-18T10:15:00,UTC
2012_GR_NASA,OIB_GR_20120503113800_NASA_Report.txt,P-3B,N426NA,2012-05-03T11:38:00,UTC
2012_GR_NASA,OIB_GR_20120514110000_NASA_Report.txt,P-3B,N426NA,2012-05-14T11:00:00,UTC
2012_GR_NASA,OIB_GR_20120326110000_NASA_Report.txt,P-3B,N426NA,2012-03-26T11:00:00,UTC
2012_GR_NASA,OIB_GR_20120417132300_NASA_Report.txt,P-3B,N426NA,2012-04-17T13:23:00,UTC
2012_GR_NASA,OIB_GR_20120330110000_NASA_Report.txt,P-3B,N426NA,2012-03-30T11:00:00,UTC
2012_GR_NASA,OIB_GR_20120508110000_NASA_Report.txt,P-3B,N426NA,2012-05-08T11:00:00,UTC
2012_GR_NASA,OIB_GR_20120504110000_NASA_Report.txt,HU-25C,N525NA,2012-05-04T11:00:00,UTC
2012_GR_NASA,OIB_GR_20120410122000_NASA_Report.txt,P-3B,N426NA,2012-04-10T12:20:00,UTC
2012_GR_NASA,OIB_GR_20120419102600_NASA_Report.txt,P-3B,N426NA,2012-04-19T10:26:00,UTC
2012_GR_NASA,OIB_GR_20120517110000_NASA_Report.txt,P-3B,N426NA,2012-05-17T11:00:00,UTC
2012_GR_NASA,OIB_GR_20120411110400_NASA_Report.txt,P-3B,N426NA,2012-04-11T11:04:00,UTC
2012_GR_NASA,OIB_GR_20120329110000_NASA_Report.txt,P-3B,N426NA,2012-03-29T11:00:00,UTC
2012_GR_NASA,OIB_GR_20120328105900_NASA_Report.txt,P-3B,N426NA,2012-03-28T10:59:00,UTC
2012_GR_NASA,OIB_GR_20120503101500_NASA_Report.txt,HU-25C,N525NA,2012-05-03T10:15:00,UTC
2012_GR_NASA,OIB_GR_20120510143000_NASA_Report.txt,HU-25C,N525NA,2012-05-10T14:30:00,UTC
2012_GR_NASA,OIB_GR_20120502114700_NASA_Report.txt,HU-25C,N525NA,2012-05-02T11:47:00,UTC
2012_GR_NASA,OIB_GR_20120508102000_NASA_Report.txt,HU-25C,N525NA,2012-05-08T10:20:00,UTC
2012_GR_NASA,OIB_GR_20120322110100_NASA_Report.txt,P-3B,N426NA,2012-03-22T11:01:00,UTC
2012_GR_NASA,OIB_GR_20120319095300_NASA_Report.txt,P-3B,N426NA,2012-03-19T09:53:00,UTC
2012_GR_NASA,OIB_GR_20120316165800_NASA_Report.txt,P-3B,N426NA,2012-03-16T16:58:00,UTC
2012_GR_NASA,OIB_GR_20120430170000_NASA_Report.txt,HU-25C,N525NA,2012-04-30T17:00:00,UTC
2012_GR_NASA,OIB_GR_20120505145000_NASA_Report.txt,HU-25C,N525NA,2012-05-05T14:50:00,UTC
2012_GR_NASA,OIB_GR_20120428105800_NASA_Report.txt,P-3B,N426NA,2012-04-28T10:58:00,UTC
2012_GR_NASA,OIB_GR_20120507110000_NASA_Report.txt,P-3B,N426NA,2012-05-07T11:00:00,UTC
2012_GR_NASA,OIB_GR_20120414103100_NASA_Report.txt,P-3B,N426NA,2012-04-14T10:31:00,UTC
2012_GR_NASA,OIB_GR_20120321110400_NASA_Report.txt,P-3B,N426NA,2012-03-21T11:04:00,UTC
2012_GR_NASA,OIB_GR_20120314122100_NASA_Report.txt,P-3B,N426NA,2012-03-14T12:21:00,UTC
2012_GR_NASA,OIB_GR_20120501132300_NASA_Report.txt,HU-25C,N525NA,2012-05-01T13:23:00,UTC
2012_GR_NASA,OIB_GR_20120516110000_NASA_Report.txt,P-3B,N426NA,2012-05-16T11:00:00,UTC
2012_GR_NASA,OIB_GR_20120315170400_NASA_Report.txt,P-3B,N426NA,2012-03-15T17:04:00,UTC
2012_GR_NASA,OIB_GR_20120510110000_NASA_Report.txt,P-3B,N426NA,2012-05-10T11:00:00,UTC
2012_GR_NASA,OIB_GR_20120425102800_NASA_Report.txt,P-3B,N426NA,2012-04-25T10:28:00,UTC
2012_GR_NASA,OIB_GR_20120509102000_NASA_Report.txt,HU-25C,N525NA,2012-05-09T10:20:00,UTC
2012_GR_NASA,OIB_GR_20120402110000_NASA_Report.txt,P-3B,N426NA,2012-04-02T11:00:00,UTC
2012_GR_NASA,OIB_GR_20120323110100_NASA_Report.txt,P-3B,N426NA,2012-03-23T11:01:00,UTC
2012_GR_NASA,OIB_GR_20120404110000_NASA_Report.txt,P-3B,N426NA,2012-04-04T11:00:00,UTC
2012_GR_NASA,OIB_GR_20120429103000_NASA_Report.txt,P-3B,N426NA,2012-04-29T10:30:00,UTC
2012_GR_NASA,OIB_GR_20120416103200_NASA_Report.txt,P-3B,N426NA,2012-04-16T10:32:00,UTC
2012_GR_NASA,OIB_GR_20120430123000_NASA_Report.txt,P-3B,N426NA,2012-04-30T12:30:00,UTC
2012_GR_NASA,OIB_GR_20120420101900_NASA_Report.txt,P-3B,N426NA,2012-04-20T10:19:00,UTC
2012_GR_NASA,OIB_GR_20120504110200_NASA_Report.txt,P-3B,N426NA,2012-05-04T11:02:00,UTC
2012_GR_NASA,OIB_GR_20120515112400_NASA_Report.txt,P-3B,N426NA,2012-05-15T11:24:00,UTC
2012_GR_NASA,OIB_GR_20120430112400_NASA_Report.txt,HU-25C,N525NA,2012-04-30T11:24:00,UTC
2012_GR_NASA,OIB_GR_20120412102500_NASA_Report.txt,P-3B,N426NA,2012-04-12T10:25:00,UTC
2012_GR_NASA,OIB_GR_20120509110300_NASA_Report.txt,P-3B,N426NA,2012-05-09T11:03:00,UTC
2013_AN_NASA,OIB_AN_20131118195000_NASA_Report.txt,P-3B,N426NA,2013-11-18T19:50:00,UTC
2013_AN_NASA,OIB_AN_20131126194100_NASA_Report.txt,P-3B,N426NA,2013-11-26T19:41:00,UTC
2013_AN_NASA,OIB_AN_20131120204400_NASA_Report.txt,P-3B,N426NA,2013-11-20T20:44:00,UTC
2013_AN_NASA,OIB_AN_20131125195200_NASA_Report.txt,P-3B,N426NA,2013-11-25T19:52:00,UTC
2013_AN_NASA,OIB_AN_20131127215000_NASA_Report.txt,P-3B,N426NA,2013-11-27T21:50:00,UTC
2013_AN_NASA,OIB_AN_20131119210900_NASA_Report.txt,P-3B,N426NA,2013-11-19T21:09:00,UTC
2013_GR_NASA,OIB_GR_20131115121300_NASA_Report.txt,C-130,N439NA,2013-11-15T12:13:00,UTC
2013_GR_NASA,OIB_GR_20130502110000_NASA_Report.txt,P-3B,N426NA,2013-05-02T11:00:00,UTC
2013_GR_NASA,OIB_GR_20130323155300_NASA_Report.txt,P-3B,N426NA,2013-03-23T15:53:00,UTC
2013_GR_NASA,OIB_GR_20130402113000_NASA_Report.txt,P-3B,N426NA,2013-04-02T11:30:00,UTC
2013_GR_NASA,OIB_GR_20131105120000_NASA_Report.txt,C-130,N439NA,2013-11-05T12:00:00,UTC
2013_GR_NASA,OIB_GR_20130502193000_NASA_Report.txt,P-3B,N426NA,2013-05-02T19:30:00,UTC
2013_GR_NASA,OIB_GR_20130412104400_NASA_Report.txt,P-3B,N426NA,2013-04-12T10:44:00,UTC
2013_GR_NASA,OIB_GR_20130314180500_NASA_Report.txt,P-3B,N426NA,2013-03-14T18:05:00,UTC
2013_GR_NASA,OIB_GR_20130314150200_NASA_Report.txt,P-3B,N426NA,2013-03-14T15:02:00,UTC
2013_GR_NASA,OIB_GR_20130327110100_NASA_Report.txt,P-3B,N426NA,2013-03-27T11:01:00,UTC
2013_GR_NASA,OIB_GR_20131109114500_NASA_Report.txt,C-130,N439NA,2013-11-09T11:45:00,UTC
2013_GR_NASA,OIB_GR_20130409105000_NASA_Report.txt,P-3B,N426NA,2013-04-09T10:50:00,UTC
2013_GR_NASA,OIB_GR_20131026163800_NASA_Report.txt,C-130,N439NA,2013-10-26T16:38:00,UTC
2013_GR_NASA,OIB_GR_20130422110500_NASA_Report.txt,P-3B,N426NA,2013-04-22T11:05:00,UTC
2013_GR_NASA,OIB_GR_20130411103700_NASA_Report.txt,P-3B,N426NA,2013-04-11T10:37:00,UTC
2013_GR_NASA,OIB_GR_20131112144000_NASA_Report.txt,C-130,N439NA,2013-11-12T14:40:00,UTC
2013_GR_NASA,OIB_GR_20130408103500_NASA_Report.txt,P-3B,N426NA,2013-04-08T10:35:00,UTC
2013_GR_NASA,OIB_GR_20130318101500_NASA_Report.txt,P-3B,N426NA,2013-03-18T10:15:00,UTC
2013_GR_NASA,OIB_GR_20130423110300_NASA_Report.txt,P-3B,N426NA,2013-04-23T11:03:00,UTC
2013_GR_NASA,OIB_GR_20131106125500_NASA_Report.txt,C-130,N439NA,2013-11-06T12:55:00,UTC
2013_GR_NASA,OIB_GR_20130324154600_NASA_Report.txt,P-3B,N426NA,2013-03-24T15:46:00,UTC
2013_GR_NASA,OIB_GR_20130420105300_NASA_Report.txt,P-3B,N426NA,2013-04-20T10:53:00,UTC
2013_GR_NASA,OIB_GR_20131104132500_NASA_Report.txt,C-130,N439NA,2013-11-04T13:25:00,UTC
2013_GR_NASA,OIB_GR_20131029101200_NASA_Report.txt,C-130,N439NA,2013-10-29T10:12:00,UTC
2013_GR_NASA,OIB_GR_20130404104500_NASA_Report.txt,P-3B,N426NA,2013-04-04T10:45:00,UTC
2013_GR_NASA,OIB_GR_20130415104200_NASA_Report.txt,P-3B,N426NA,2013-04-15T10:42:00,UTC
2013_GR_NASA,OIB_GR_20131114114800_NASA_Report.txt,C-130,N439NA,2013-11-14T11:48:00,UTC
2013_GR_NASA,OIB_GR_20131031112000_NASA_Report.txt,C-130,N439NA,2013-10-31T11:20:00,UTC
2013_GR_NASA,OIB_GR_20130321122000_NASA_Report.txt,P-3B,N426NA,2013-03-21T12:20:00,UTC
2013_GR_NASA,OIB_GR_20130328105500_NASA_Report.txt,P-3B,N426NA,2013-03-28T10:55:00,UTC
2013_GR_NASA,OIB_GR_20131030102000_NASA_Report.txt,C-130,N439NA,2013-10-30T10:20:00,UTC
2013_GR_NASA,OIB_GR_20130419112000_NASA_Report.txt,P-3B,N426NA,2013-04-19T11:20:00,UTC
2013_GR_NASA,OIB_GR_20131108115500_NASA_Report.txt,C-130,N439NA,2013-11-08T11:55:00,UTC
2013_GR_NASA,OIB_GR_20130320124700_NASA_Report.txt,P-3B,N426NA,2013-03-20T12:47:00,UTC
2013_GR_NASA,OIB_GR_20130322160000_NASA_Report.txt,P-3B,N426NA,2013-03-22T16:00:00,UTC
2013_GR_NASA,OIB_GR_20130315131000_NASA_Report.txt,P-3B,N426NA,2013-03-15T13:10:00,UTC
2013_GR_NASA,OIB_GR_20130425105500_NASA_Report.txt,P-3B,N426NA,2013-04-25T10:55:00,UTC
2013_GR_NASA,OIB_GR_20130927210500_NASA_Report.txt,C-130,N439NA,2013-09-27T21:05:00,UTC
2013_GR_NASA,OIB_GR_20131115213800_NASA_Report.txt,C-130,N439NA,2013-11-15T21:38:00,UTC
2013_GR_NASA,OIB_GR_20130410104500_NASA_Report.txt,P-3B,N426NA,2013-04-10T10:45:00,UTC
2013_GR_NASA,OIB_GR_20130406103500_NASA_Report.txt,P-3B,N426NA,2013-04-06T10:35:00,UTC
2013_GR_NASA,OIB_GR_20130424105300_NASA_Report.txt,P-3B,N426NA,2013-04-24T10:53:00,UTC
2013_GR_NASA,OIB_GR_20130405104000_NASA_Report.txt,P-3B,N426NA,2013-04-05T10:40:00,UTC
2013_GR_NASA,OIB_GR_20131101111500_NASA_Report.txt,C-130,N439NA,2013-11-01T11:15:00,UTC
2013_GR_NASA,OIB_GR_20130418114500_NASA_Report.txt,P-3B,N426NA,2013-04-18T11:45:00,UTC
2013_GR_NASA,OIB_GR_20130426110400_NASA_Report.txt,P-3B,N426NA,2013-04-26T11:04:00,UTC
2013_GR_NASA,OIB_GR_20130326085500_NASA_Report.txt,P-3B,N426NA,2013-03-26T08:55:00,UTC
2014_AK_ARISE,OIB_AK_20140915174800_NASA_Report.txt,C-130,N439NA,2014-09-15T17:48:00,UTC
2014_AK_ARISE,OIB_AK_20140911183500_NASA_Report.txt,C-130,N439NA,2014-09-11T18:35:00,UTC
2014_AK_ARISE,OIB_AK_20140918165500_NASA_Report.txt,C-130,N439NA,2014-09-18T16:55:00,UTC
2014_AK_ARISE,OIB_AK_20140906191000_NASA_Report.txt,C-130,N439NA,2014-09-06T19:10:00,UTC
2014_AK_ARISE,OIB_AK_20140907181500_NASA_Report.txt,C-130,N439NA,2014-09-07T18:15:00,UTC
2014_AK_ARISE,OIB_AK_20140921165000_NASA_Report.txt,C-130,N439NA,2014-09-21T16:50:00,UTC
2014_AK_ARISE,OIB_AK_20140919165300_NASA_Report.txt,C-130,N439NA,2014-09-19T16:53:00,UTC
2014_AK_ARISE,OIB_AK_20140910171000_NASA_Report.txt,C-130,N439NA,2014-09-10T17:10:00,UTC
2014_AK_ARISE,OIB_AK_20140917181500_NASA_Report.txt,C-130,N439NA,2014-09-17T18:15:00,UTC
2014_AK_ARISE,OIB_AK_20140909182000_NASA_Report.txt,C-130,N439NA,2014-09-09T18:20:00,UTC
2014_AK_ARISE,OIB_AK_20140904181500_NASA_Report.txt,C-130,N439NA,2014-09-04T18:15:00,UTC
2014_AK_ARISE,OIB_AK_20140924195200_NASA_Report.txt,C-130,N439NA,2014-09-24T19:52:00,UTC
2014_AK_ARISE,OIB_AK_20140913170500_NASA_Report.txt,C-130,N439NA,2014-09-13T17:05:00,UTC
2014_AK_ARISE,OIB_AK_20140905201500_NASA_Report.txt,C-130,N439NA,2014-09-05T20:15:00,UTC
2014_AK_ARISE,OIB_AK_20140916171900_NASA_Report.txt,C-130,N439NA,2014-09-16T17:19:00,UTC
2014_AN_NASA,OIB_AN_20141107115100_NASA_Report.txt,DC-8,N817NA,2014-11-07T11:51:00,UTC
2014_AN_NASA,OIB_AN_20141028120700_NASA_Report.txt,DC-8,N817NA,2014-10-28T12:07:00,UTC
2014_AN_NASA,OIB_AN_20141023120000_NASA_Report.txt,DC-8,N817NA,2014-10-23T12:00:00,UTC
2014_AN_NASA,OIB_AN_20141113115800_NASA_Report.txt,DC-8,N817NA,2014-11-13T11:58:00,UTC
2014_AN_NASA,OIB_AN_20141025114800_NASA_Report.txt,DC-8,N817NA,2014-10-25T11:48:00,UTC
2014_AN_NASA,OIB_AN_20141110121800_NASA_Report.txt,DC-8,N817NA,2014-11-10T12:18:00,UTC
2014_AN_NASA,OIB_AN_20141106120700_NASA_Report.txt,DC-8,N817NA,2014-11-06T12:07:00,UTC
2014_AN_NASA,OIB_AN_20141115120900_NASA_Report.txt,DC-8,N817NA,2014-11-15T12:09:00,UTC
2014_AN_NASA,OIB_AN_20141102115500_NASA_Report.txt,DC-8,N817NA,2014-11-02T11:55:00,UTC
2014_AN_NASA,OIB_AN_20141103120200_NASA_Report.txt,DC-8,N817NA,2014-11-03T12:02:00,UTC
2014_AN_NASA,OIB_AN_20141018122000_NASA_Report.txt,DC-8,N817NA,2014-10-18T12:20:00,UTC
2014_AN_NASA,OIB_AN_20141020115100_NASA_Report.txt,DC-8,N817NA,2014-10-20T11:51:00,UTC
2014_AN_NASA,OIB_AN_20141026121200_NASA_Report.txt,DC-8,N817NA,2014-10-26T12:12:00,UTC
2014_AN_NASA,OIB_AN_20141122125600_NASA_Report.txt,DC-8,N817NA,2014-11-22T12:56:00,UTC
2014_AN_NASA,OIB_AN_20141121115900_NASA_Report.txt,DC-8,N817NA,2014-11-21T11:59:00,UTC
2014_AN_NASA,OIB_AN_20141105120100_NASA_Report.txt,DC-8,N817NA,2014-11-05T12:01:00,UTC
2014_AN_NASA,OIB_AN_20141108115100_NASA_Report.txt,DC-8,N817NA,2014-11-08T11:51:00,UTC
2014_AN_NASA,OIB_AN_20141016121900_NASA_Report.txt,DC-8,N817NA,2014-10-16T12:19:00,UTC
2014_AN_NASA,OIB_AN_20141029121000_NASA_Report.txt,DC-8,N817NA,2014-10-29T12:10:00,UTC
2014_AN_NASA,OIB_AN_20141116115300_NASA_Report.txt,DC-8,N817NA,2014-11-16T11:53:00,UTC
2014_AN_NASA,OIB_AN_20141111115900_NASA_Report.txt,DC-8,N817NA,2014-11-11T11:59:00,UTC
2014_AN_NASA,OIB_AN_20141114115100_NASA_Report.txt,DC-8,N817NA,2014-11-14T11:51:00,UTC
2014_GR_NASA,OIB_GR_20140324105400_NASA_Report.txt,P-3B,N426NA,2014-03-24T10:54:00,UTC
2014_GR_NASA,OIB_GR_20140515104900_NASA_Report.txt,P-3B,N426NA,2014-05-15T10:49:00,UTC
2014_GR_NASA,OIB_GR_20140514110500_NASA_Report.txt,P-3B,N426NA,2014-05-14T11:05:00,UTC
2014_GR_NASA,OIB_GR_20140317170100_NASA_Report.txt,P-3B,N426NA,2014-03-17T17:01:00,UTC
2014_GR_NASA,OIB_GR_20140314125000_NASA_Report.txt,P-3B,N426NA,2014-03-14T12:50:00,UTC
2014_GR_NASA,OIB_GR_20140315165000_NASA_Report.txt,P-3B,N426NA,2014-03-15T16:50:00,UTC
2014_GR_NASA,OIB_GR_20140414102900_NASA_Report.txt,P-3B,N426NA,2014-04-14T10:29:00,UTC
2014_GR_NASA,OIB_GR_20140407110900_NASA_Report.txt,P-3B,N426NA,2014-04-07T11:09:00,UTC
2014_GR_NASA,OIB_GR_20140415111300_NASA_Report.txt,P-3B,N426NA,2014-04-15T11:13:00,UTC
2014_GR_NASA,OIB_GR_20140325105300_NASA_Report.txt,P-3B,N426NA,2014-03-25T10:53:00,UTC
2014_GR_NASA,OIB_GR_20140321083700_NASA_Report.txt,P-3B,N426NA,2014-03-21T08:37:00,UTC
2014_GR_NASA,OIB_GR_20140313105200_NASA_Report.txt,P-3B,N426NA,2014-03-13T10:52:00,UTC
2014_GR_NASA,OIB_GR_20140423104100_NASA_Report.txt,P-3B,N426NA,2014-04-23T10:41:00,UTC
2014_GR_NASA,OIB_GR_20140412104600_NASA_Report.txt,P-3B,N426NA,2014-04-12T10:46:00,UTC
2014_GR_NASA,OIB_GR_20140416102700_NASA_Report.txt,P-3B,N426NA,2014-04-16T10:27:00,UTC
2014_GR_NASA,OIB_GR_20140505105000_NASA_Report.txt,P-3B,N426NA,2014-05-05T10:50:00,UTC
2014_GR_NASA,OIB_GR_20140509105000_NASA_Report.txt,P-3B,N426NA,2014-05-09T10:50:00,UTC
2014_GR_NASA,OIB_GR_20140429105800_NASA_Report.txt,P-3B,N426NA,2014-04-29T10:58:00,UTC
2014_GR_NASA,OIB_GR_20140516105500_NASA_Report.txt,P-3B,N426NA,2014-05-16T10:55:00,UTC
2014_GR_NASA,OIB_GR_20140507105200_NASA_Report.txt,P-3B,N426NA,2014-05-07T10:52:00,UTC
2014_GR_NASA,OIB_GR_20140419110700_NASA_Report.txt,P-3B,N426NA,2014-04-19T11:07:00,UTC
2014_GR_NASA,OIB_GR_20140521105300_NASA_Report.txt,P-3B,N426NA,2014-05-21T10:53:00,UTC
2014_GR_NASA,OIB_GR_20140318164800_NASA_Report.txt,P-3B,N426NA,2014-03-18T16:48:00,UTC
2014_GR_NASA,OIB_GR_20140403105200_NASA_Report.txt,P-3B,N426NA,2014-04-03T10:52:00,UTC
2014_GR_NASA,OIB_GR_20140426115200_NASA_Report.txt,P-3B,N426NA,2014-04-26T11:52:00,UTC
2014_GR_NASA,OIB_GR_20140501133800_NASA_Report.txt,P-3B,N426NA,2014-05-01T13:38:00,UTC
2014_GR_NASA,OIB_GR_20140331110000_NASA_Report.txt,P-3B,N426NA,2014-03-31T11:00:00,UTC
2014_GR_NASA,OIB_GR_20140512105200_NASA_Report.txt,P-3B,N426NA,2014-05-12T10:52:00,UTC
2014_GR_NASA,OIB_GR_20140410103700_NASA_Report.txt,P-3B,N426NA,2014-04-10T10:37:00,UTC
2014_GR_NASA,OIB_GR_20140409104400_NASA_Report.txt,P-3B,N426NA,2014-04-09T10:44:00,UTC
2014_GR_NASA,OIB_GR_20140319163700_NASA_Report.txt,P-3B,N426NA,2014-03-19T16:37:00,UTC
2014_GR_NASA,OIB_GR_20140328110300_NASA_Report.txt,P-3B,N426NA,2014-03-28T11:03:00,UTC
2014_GR_NASA,OIB_GR_20140401105800_NASA_Report.txt,P-3B,N426NA,2014-04-01T10:58:00,UTC
2014_GR_NASA,OIB_GR_20140428113700_NASA_Report.txt,P-3B,N426NA,2014-04-28T11:37:00,UTC
2014_GR_NASA,OIB_GR_20140424103800_NASA_Report.txt,P-3B,N426NA,2014-04-24T10:38:00,UTC
2014_GR_NASA,OIB_GR_20140408111100_NASA_Report.txt,P-3B,N426NA,2014-04-08T11:11:00,UTC
2014_GR_NASA,OIB_GR_20140405104800_NASA_Report.txt,P-3B,N426NA,2014-04-05T10:48:00,UTC
2014_GR_NASA,OIB_GR_20140520122500_NASA_Report.txt,P-3B,N426NA,2014-05-20T12:25:00,UTC
2014_GR_NASA,OIB_GR_20140312112900_NASA_Report.txt,P-3B,N426NA,2014-03-12T11:29:00,UTC
2014_GR_NASA,OIB_GR_20140502105500_NASA_Report.txt,P-3B,N426NA,2014-05-02T10:55:00,UTC
2014_GR_NASA,OIB_GR_20140421102300_NASA_Report.txt,P-3B,N426NA,2014-04-21T10:23:00,UTC
2014_GR_NASA,OIB_GR_20140519105200_NASA_Report.txt,P-3B,N426NA,2014-05-19T10:52:00,UTC
2014_GR_NASA,OIB_GR_20140430105200_NASA_Report.txt,P-3B,N426NA,2014-04-30T10:52:00,UTC
2014_GR_NASA,OIB_GR_20140506105700_NASA_Report.txt,P-3B,N426NA,2014-05-06T10:57:00,UTC
2014_GR_NASA,OIB_GR_20140326105300_NASA_Report.txt,P-3B,N426NA,2014-03-26T10:53:00,UTC
2014_GR_NASA,OIB_GR_20140508105500_NASA_Report.txt,P-3B,N426NA,2014-05-08T10:55:00,UTC
2015_AN_NASA,OIB_AN_20151007120000_NASA_Report.txt,G-V,N677F,2015-10-07T12:00:00,UTC
2015_AN_NASA,OIB_AN_20151003125500_NASA_Report.txt,G-V,N677F,2015-10-03T12:55:00,UTC
2015_AN_NASA,OIB_AN_20150922130200_NASA_Report.txt,G-V,N677F,2015-09-22T13:02:00,UTC
2015_AN_NASA,OIB_AN_20151101122500_NASA_Report.txt,G-V,N677F,2015-11-01T12:25:00,UTC
2015_AN_NASA,OIB_AN_20151010125600_NASA_Report.txt,G-V,N677F,2015-10-10T12:56:00,UTC
2015_AN_NASA,OIB_AN_20151029120300_NASA_Report.txt,G-V,N677F,2015-10-29T12:03:00,UTC
2015_AN_NASA,OIB_AN_20151017120000_NASA_Report.txt,G-V,N677F,2015-10-17T12:00:00,UTC
2015_AN_NASA,OIB_AN_20150917145600_NASA_Report.txt,G-V,N677F,2015-09-17T14:56:00,UTC
2015_AN_NASA,OIB_AN_20151025111000_NASA_Report.txt,G-V,N677F,2015-10-25T11:10:00,UTC
2015_AN_NASA,OIB_AN_20151005115500_NASA_Report.txt,G-V,N677F,2015-10-05T11:55:00,UTC
2015_AN_NASA,OIB_AN_20150924120700_NASA_Report.txt,G-V,N677F,2015-09-24T12:07:00,UTC
2015_AN_NASA,OIB_AN_20151027120000_NASA_Report.txt,G-V,N677F,2015-10-27T12:00:00,UTC
2015_AN_NASA,OIB_AN_20150918165600_NASA_Report.txt,G-V,N677F,2015-09-18T16:56:00,UTC
2015_AN_NASA,OIB_AN_20150918135800_NASA_Report.txt,G-V,N677F,2015-09-18T13:58:00,UTC
2015_AN_NASA,OIB_AN_20150911163800_NASA_Report.txt,G-V,N677F,2015-09-11T16:38:00,UTC
2015_AN_NASA,OIB_AN_20151014154500_NASA_Report.txt,G-V,N677F,2015-10-14T15:45:00,UTC
2015_AN_NASA,OIB_AN_20151019121500_NASA_Report.txt,G-V,N677F,2015-10-19T12:15:00,UTC
2015_AN_NASA,OIB_AN_20151020110300_NASA_Report.txt,G-V,N677F,2015-10-20T11:03:00,UTC
2015_AN_NASA,OIB_AN_20150919155500_NASA_Report.txt,G-V,N677F,2015-09-19T15:55:00,UTC
2015_AN_NASA,OIB_AN_20151031190000_NASA_Report.txt,G-V,N677F,2015-10-31T19:00:00,UTC
2015_AN_NASA,OIB_AN_20150910160000_NASA_Report.txt,G-V,N677F,2015-09-10T16:00:00,UTC
2015_AN_NASA,OIB_AN_20150929115900_NASA_Report.txt,G-V,N677F,2015-09-29T11:59:00,UTC
2015_AN_NASA,OIB_AN_20151102160300_NASA_Report.txt,G-V,N677F,2015-11-02T16:03:00,UTC
2015_AN_NASA,OIB_AN_20151022110000_NASA_Report.txt,G-V,N677F,2015-10-22T11:00:00,UTC
2015_AN_NASA,OIB_AN_20151001125900_NASA_Report.txt,G-V,N677F,2015-10-01T12:59:00,UTC
2015_AN_NASA,OIB_AN_20150911232700_NASA_Report.txt,G-V,N677F,2015-09-11T23:27:00,UTC
2015_AN_NASA,OIB_AN_20151012120000_NASA_Report.txt,G-V,N677F,2015-10-12T12:00:00,UTC
2015_AN_NASA,OIB_AN_20150926124300_NASA_Report.txt,G-V,N677F,2015-09-26T12:43:00,UTC
2015_GR_NASA,OIB_GR_20150411103000_NASA_Report.txt,C-130,N439NA,2015-04-11T10:30:00,UTC
2015_GR_NASA,OIB_GR_20150930112500_NASA_Report.txt,HU-25C,N525NA,2015-09-30T11:25:00,UTC
2015_GR_NASA,OIB_GR_20150928140500_NASA_Report.txt,HU-25C,N525NA,2015-09-28T14:05:00,UTC
2015_GR_NASA,OIB_GR_20150401083800_NASA_Report.txt,C-130,N439NA,2015-04-01T08:38:00,UTC
2015_GR_NASA,OIB_GR_20151021143000_NASA_Report.txt,HU-25C,N525NA,2015-10-21T14:30:00,UTC
2015_GR_NASA,OIB_GR_20150923114300_NASA_Report.txt,HU-25C,N525NA,2015-09-23T11:43:00,UTC
2015_GR_NASA,OIB_GR_20150409101500_NASA_Report.txt,C-130,N439NA,2015-04-09T10:15:00,UTC
2015_GR_NASA,OIB_GR_20150327175500_NASA_Report.txt,C-130,N439NA,2015-03-27T17:55:00,UTC
2015_GR_NASA,OIB_GR_20150424101800_NASA_Report.txt,C-130,N439NA,2015-04-24T10:18:00,UTC
2015_GR_NASA,OIB_GR_20151009101500_NASA_Report.txt,HU-25C,N525NA,2015-10-09T10:15:00,UTC
2015_GR_NASA,OIB_GR_20151021101000_NASA_Report.txt,HU-25C,N525NA,2015-10-21T10:10:00,UTC
2015_GR_NASA,OIB_GR_20150506105000_NASA_Report.txt,C-130,N439NA,2015-05-06T10:50:00,UTC
2015_GR_NASA,OIB_GR_20150414101200_NASA_Report.txt,C-130,N439NA,2015-04-14T10:12:00,UTC
2015_GR_NASA,OIB_GR_20151019101500_NASA_Report.txt,HU-25C,N525NA,2015-10-19T10:15:00,UTC
2015_GR_NASA,OIB_GR_20150924130300_NASA_Report.txt,HU-25C,N525NA,2015-09-24T13:03:00,UTC
2015_GR_NASA,OIB_GR_20150417110600_NASA_Report.txt,C-130,N439NA,2015-04-17T11:06:00,UTC
2015_GR_NASA,OIB_GR_20151020101700_NASA_Report.txt,HU-25C,N525NA,2015-10-20T10:17:00,UTC
2015_GR_NASA,OIB_GR_20151020151200_NASA_Report.txt,HU-25C,N525NA,2015-10-20T15:12:00,UTC
2015_GR_NASA,OIB_GR_20151018140000_NASA_Report.txt,HU-25C,N525NA,2015-10-18T14:00:00,UTC
2015_GR_NASA,OIB_GR_20150324105000_NASA_Report.txt,C-130,N439NA,2015-03-24T10:50:00,UTC
2015_GR_NASA,OIB_GR_20150428101200_NASA_Report.txt,C-130,N439NA,2015-04-28T10:12:00,UTC
2015_GR_NASA,OIB_GR_20151013153600_NASA_Report.txt,HU-25C,N525NA,2015-10-13T15:36:00,UTC
2015_GR_NASA,OIB_GR_20150408101500_NASA_Report.txt,C-130,N439NA,2015-04-08T10:15:00,UTC
2015_GR_NASA,OIB_GR_20150425101800_NASA_Report.txt,C-130,N439NA,2015-04-25T10:18:00,UTC
2015_GR_NASA,OIB_GR_20150507105000_NASA_Report.txt,C-130,N439NA,2015-05-07T10:50:00,UTC
2015_GR_NASA,OIB_GR_20150423101800_NASA_Report.txt,C-130,N439NA,2015-04-23T10:18:00,UTC
2015_GR_NASA,OIB_GR_20150511104500_NASA_Report.txt,C-130,N439NA,2015-05-11T10:45:00,UTC
2015_GR_NASA,OIB_GR_20150329174500_NASA_Report.txt,C-130,N439NA,2015-03-29T17:45:00,UTC
2015_GR_NASA,OIB_GR_20151022101400_NASA_Report.txt,HU-25C,N525NA,2015-10-22T10:14:00,UTC
2015_GR_NASA,OIB_GR_20150403105000_NASA_Report.txt,C-130,N439NA,2015-04-03T10:50:00,UTC
2015_GR_NASA,OIB_GR_20150515104700_NASA_Report.txt,C-130,N439NA,2015-05-15T10:47:00,UTC
2015_GR_NASA,OIB_GR_20150325105000_NASA_Report.txt,C-130,N439NA,2015-03-25T10:50:00,UTC
2015_GR_NASA,OIB_GR_20151005155000_NASA_Report.txt,HU-25C,N525NA,2015-10-05T15:50:00,UTC
2015_GR_NASA,OIB_GR_20150422103000_NASA_Report.txt,C-130,N439NA,2015-04-22T10:30:00,UTC
2015_GR_NASA,OIB_GR_20150508105000_NASA_Report.txt,C-130,N439NA,2015-05-08T10:50:00,UTC
2015_GR_NASA,OIB_GR_20150330174500_NASA_Report.txt,C-130,N439NA,2015-03-30T17:45:00,UTC
2015_GR_NASA,OIB_GR_20151013100400_NASA_Report.txt,HU-25C,N525NA,2015-10-13T10:04:00,UTC
2015_GR_NASA,OIB_GR_20150427101200_NASA_Report.txt,C-130,N439NA,2015-04-27T10:12:00,UTC
2015_GR_NASA,OIB_GR_20150512105000_NASA_Report.txt,C-130,N439NA,2015-05-12T10:50:00,UTC
2015_GR_NASA,OIB_GR_20151019151900_NASA_Report.txt,HU-25C,N525NA,2015-10-19T15:19:00,UTC
2015_GR_NASA,OIB_GR_20150319113500_NASA_Report.txt,C-130,N439NA,2015-03-19T11:35:00,UTC
2015_GR_NASA,OIB_GR_20150413102800_NASA_Report.txt,C-130,N439NA,2015-04-13T10:28:00,UTC
2015_GR_NASA,OIB_GR_20150420104200_NASA_Report.txt,C-130,N439NA,2015-04-20T10:42:00,UTC
2015_GR_NASA,OIB_GR_20150501105500_NASA_Report.txt,C-130,N439NA,2015-05-01T10:55:00,UTC
2015_GR_NASA,OIB_GR_20150326132000_NASA_Report.txt,C-130,N439NA,2015-03-26T13:20:00,UTC
2015_GR_NASA,OIB_GR_20151006111100_NASA_Report.txt,HU-25C,N525NA,2015-10-06T11:11:00,UTC
2015_GR_NASA,OIB_GR_20150505105000_NASA_Report.txt,C-130,N439NA,2015-05-05T10:50:00,UTC
2015_GR_NASA,OIB_GR_20150421101800_NASA_Report.txt,C-130,N439NA,2015-04-21T10:18:00,UTC
2015_GR_NASA,OIB_GR_20150925120300_NASA_Report.txt,HU-25C,N525NA,2015-09-25T12:03:00,UTC
2015_GR_NASA,OIB_GR_20150418103600_NASA_Report.txt,C-130,N439NA,2015-04-18T10:36:00,UTC
2015_GR_NASA,OIB_GR_20150410101500_NASA_Report.txt,C-130,N439NA,2015-04-10T10:15:00,UTC
2015_GR_NASA,OIB_GR_20150930164300_NASA_Report.txt,HU-25C,N525NA,2015-09-30T16:43:00,UTC
2015_GR_NASA,OIB_GR_20151005110100_NASA_Report.txt,HU-25C,N525NA,2015-10-05T11:01:00,UTC
2015_GR_NASA,OIB_GR_20151008152000_NASA_Report.txt,HU-25C,N525NA,2015-10-08T15:20:00,UTC
2015_GR_NASA,OIB_GR_20151008102500_NASA_Report.txt,HU-25C,N525NA,2015-10-08T10:25:00,UTC
2016_AN_NASA,OIB_AN_20161024132600_NASA_Report.txt,DC-8,N817NA,2016-10-24T13:26:00,UTC
2016_AN_NASA,OIB_AN_20161012175000_NASA_Report.txt,DC-8,N817NA,2016-10-12T17:50:00,UTC
2016_AN_NASA,OIB_AN_20161102130200_NASA_Report.txt,DC-8,N817NA,2016-11-02T13:02:00,UTC
2016_AN_NASA,OIB_AN_20161012041800_NASA_Report.txt,DC-8,N817NA,2016-10-12T04:18:00,UTC
2016_AN_NASA,OIB_AN_20161114125000_NASA_Report.txt,DC-8,N817NA,2016-11-14T12:50:00,UTC
2016_AN_NASA,OIB_AN_20161005203600_NASA_Report.txt,DC-8,N817NA,2016-10-05T20:36:00,UTC
2016_AN_NASA,OIB_AN_20161026130400_NASA_Report.txt,DC-8,N817NA,2016-10-26T13:04:00,UTC
2016_AN_NASA,OIB_AN_20161107125800_NASA_Report.txt,DC-8,N817NA,2016-11-07T12:58:00,UTC
2016_AN_NASA,OIB_AN_20161111125500_NASA_Report.txt,DC-8,N817NA,2016-11-11T12:55:00,UTC
2016_AN_NASA,OIB_AN_20161020130200_NASA_Report.txt,DC-8,N817NA,2016-10-20T13:02:00,UTC
2016_AN_NASA,OIB_AN_20161121180900_NASA_Report.txt,DC-8,N817NA,2016-11-21T18:09:00,UTC
2016_AN_NASA,OIB_AN_20161004170300_NASA_Report.txt,DC-8,N817NA,2016-10-04T17:03:00,UTC
2016_AN_NASA,OIB_AN_20161118135700_NASA_Report.txt,DC-8,N817NA,2016-11-18T13:57:00,UTC
2016_AN_NASA,OIB_AN_20161025124900_NASA_Report.txt,DC-8,N817NA,2016-10-25T12:49:00,UTC
2016_AN_NASA,OIB_AN_20161112131300_NASA_Report.txt,DC-8,N817NA,2016-11-12T13:13:00,UTC
2016_AN_NASA,OIB_AN_20161105125900_NASA_Report.txt,DC-8,N817NA,2016-11-05T12:59:00,UTC
2016_AN_NASA,OIB_AN_20161117125600_NASA_Report.txt,DC-8,N817NA,2016-11-17T12:56:00,UTC
2016_AN_NASA,OIB_AN_20161017131400_NASA_Report.txt,DC-8,N817NA,2016-10-17T13:14:00,UTC
2016_AN_NASA,OIB_AN_20161110130300_NASA_Report.txt,DC-8,N817NA,2016-11-10T13:03:00,UTC
2016_AN_NASA,OIB_AN_20161031131400_NASA_Report.txt,DC-8,N817NA,2016-10-31T13:14:00,UTC
2016_AN_NASA,OIB_AN_20161109125500_NASA_Report.txt,DC-8,N817NA,2016-11-09T12:55:00,UTC
2016_AN_NASA,OIB_AN_20161022124900_NASA_Report.txt,DC-8,N817NA,2016-10-22T12:49:00,UTC
2016_AN_NASA,OIB_AN_20161103132700_NASA_Report.txt,DC-8,N817NA,2016-11-03T13:27:00,UTC
2016_AN_NASA,OIB_AN_20161115125800_NASA_Report.txt,DC-8,N817NA,2016-11-15T12:58:00,UTC
2016_AN_NASA,OIB_AN_20161014130800_NASA_Report.txt,DC-8,N817NA,2016-10-14T13:08:00,UTC
2016_AN_NASA,OIB_AN_20161104125900_NASA_Report.txt,DC-8,N817NA,2016-11-04T12:59:00,UTC
2016_AN_NASA,OIB_AN_20161015130900_NASA_Report.txt,DC-8,N817NA,2016-10-15T13:09:00,UTC
2016_AN_NASA,OIB_AN_20161121120100_NASA_Report.txt,DC-8,N817NA,2016-11-21T12:01:00,UTC
2016_AN_NASA,OIB_AN_20161027124700_NASA_Report.txt,DC-8,N817NA,2016-10-27T12:47:00,UTC
2016_GR_NASA,OIB_GR_20160825115400_NASA_Report.txt,HU-25A,N524NA,2016-08-25T11:54:00,UTC
2016_GR_NASA,OIB_GR_20160915115100_NASA_Report.txt,HU-25A,N524NA,2016-09-15T11:51:00,UTC
2016_GR_NASA,OIB_GR_20160913102300_NASA_Report.txt,HU-25A,N524NA,2016-09-13T10:23:00,UTC
2016_GR_NASA,OIB_GR_20160511105100_NASA_Report.txt,WP-3D ORION,N43RF,2016-05-11T10:51:00,UTC
2016_GR_NASA,OIB_GR_20160517104400_NASA_Report.txt,WP-3D ORION,N43RF,2016-05-17T10:44:00,UTC
2016_GR_NASA,OIB_GR_20160829101200_NASA_Report.txt,HU-25A,N524NA,2016-08-29T10:12:00,UTC
2016_GR_NASA,OIB_GR_20160827120000_NASA_Report.txt,HU-25A,N524NA,2016-08-27T12:00:00,UTC
2016_GR_NASA,OIB_GR_20160901153700_NASA_Report.txt,HU-25A,N524NA,2016-09-01T15:37:00,UTC
2016_GR_NASA,OIB_GR_20160429133200_NASA_Report.txt,WP-3D ORION,N43RF,2016-04-29T13:32:00,UTC
2016_GR_NASA,OIB_GR_20160510125300_NASA_Report.txt,WP-3D ORION,N43RF,2016-05-10T12:53:00,UTC
2016_GR_NASA,OIB_GR_20160430085000_NASA_Report.txt,WP-3D ORION,N43RF,2016-04-30T08:50:00,UTC
2016_GR_NASA,OIB_GR_20160917121600_NASA_Report.txt,HU-25A,N524NA,2016-09-17T12:16:00,UTC
2016_GR_NASA,OIB_GR_20160902100800_NASA_Report.txt,HU-25A,N524NA,2016-09-02T10:08:00,UTC
2016_GR_NASA,OIB_GR_20160912150700_NASA_Report.txt,HU-25A,N524NA,2016-09-12T15:07:00,UTC
2016_GR_NASA,OIB_GR_20160919154400_NASA_Report.txt,HU-25A,N524NA,2016-09-19T15:44:00,UTC
2016_GR_NASA,OIB_GR_20160418122400_NASA_Report.txt,WP-3D ORION,N43RF,2016-04-18T12:24:00,UTC
2016_GR_NASA,OIB_GR_20160722160900_NASA_Report.txt,HU-25A,N524NA,2016-07-22T16:09:00,UTC
2016_GR_NASA,OIB_GR_20160419111000_NASA_Report.txt,WP-3D ORION,N43RF,2016-04-19T11:10:00,UTC
2016_GR_NASA,OIB_GR_20160322200500_NASA_Report.txt,WP-3D ORION,N43RF,2016-03-22T20:05:00,UTC
2016_GR_NASA,OIB_GR_20160720014800_NASA_Report.txt,HU-25A,N524NA,2016-07-20T01:48:00,UTC
2016_GR_NASA,OIB_GR_20160909102400_NASA_Report.txt,HU-25A,N524NA,2016-09-09T10:24:00,UTC
2016_GR_NASA,OIB_GR_20160519105400_NASA_Report.txt,WP-3D ORION,N43RF,2016-05-19T10:54:00,UTC
2016_GR_NASA,OIB_GR_20160516111100_NASA_Report.txt,WP-3D ORION,N43RF,2016-05-16T11:11:00,UTC
2016_GR_NASA,OIB_GR_20160906101500_NASA_Report.txt,HU-25A,N524NA,2016-09-06T10:15:00,UTC
2016_GR_NASA,OIB_GR_20160721195400_NASA_Report.txt,HU-25A,N524NA,2016-07-21T19:54:00,UTC
2016_GR_NASA,OIB_GR_20160911152300_NASA_Report.txt,HU-25A,N524NA,2016-09-11T15:23:00,UTC
2016_GR_NASA,OIB_GR_20160722011000_NASA_Report.txt,HU-25A,N524NA,2016-07-22T01:10:00,UTC
2016_GR_NASA,OIB_GR_20160629182000_NASA_Report.txt,HU-25A,N524NA,2016-06-29T18:20:00,UTC
2016_GR_NASA,OIB_GR_20160415205300_NASA_Report.txt,WP-3D ORION,N43RF,2016-04-15T20:53:00,UTC
2016_GR_NASA,OIB_GR_20160714194300_NASA_Report.txt,HU-25A,N524NA,2016-07-14T19:43:00,UTC
2016_GR_NASA,OIB_GR_20160711221400_NASA_Report.txt,HU-25A,N524NA,2016-07-11T22:14:00,UTC
2016_GR_NASA,OIB_GR_20160513134500_NASA_Report.txt,WP-3D ORION,N43RF,2016-05-13T13:45:00,UTC
2016_GR_NASA,OIB_GR_20160509105700_NASA_Report.txt,WP-3D ORION,N43RF,2016-05-09T10:57:00,UTC
2016_GR_NASA,OIB_GR_20160823154200_NASA_Report.txt,HU-25A,N524NA,2016-08-23T15:42:00,UTC
2016_GR_NASA,OIB_GR_20160902150200_NASA_Report.txt,HU-25A,N524NA,2016-09-02T15:02:00,UTC
2016_GR_NASA,OIB_GR_20160711155300_NASA_Report.txt,HU-25A,N524NA,2016-07-11T15:53:00,UTC
2016_GR_NASA,OIB_GR_20160916161400_NASA_Report.txt,HU-25A,N524NA,2016-09-16T16:14:00,UTC
2016_GR_NASA,OIB_GR_20160421180300_NASA_Report.txt,WP-3D ORION,N43RF,2016-04-21T18:03:00,UTC
2016_GR_NASA,OIB_GR_20160503110200_NASA_Report.txt,WP-3D ORION,N43RF,2016-05-03T11:02:00,UTC
2016_GR_NASA,OIB_GR_20160514131500_NASA_Report.txt,WP-3D ORION,N43RF,2016-05-14T13:15:00,UTC
2016_GR_NASA,OIB_GR_20160323185100_NASA_Report.txt,WP-3D ORION,N43RF,2016-03-23T18:51:00,UTC
2016_GR_NASA,OIB_GR_20160715224700_NASA_Report.txt,HU-25A,N524NA,2016-07-15T22:47:00,UTC
2016_GR_NASA,OIB_GR_20160829152700_NASA_Report.txt,HU-25A,N524NA,2016-08-29T15:27:00,UTC
2016_GR_NASA,OIB_GR_20160722210400_NASA_Report.txt,HU-25A,N524NA,2016-07-22T21:04:00,UTC
2016_GR_NASA,OIB_GR_20160420133800_NASA_Report.txt,WP-3D ORION,N43RF,2016-04-20T13:38:00,UTC
2016_GR_NASA,OIB_GR_20160916103100_NASA_Report.txt,HU-25A,N524NA,2016-09-16T10:31:00,UTC
2016_GR_NASA,OIB_GR_20160512134200_NASA_Report.txt,WP-3D ORION,N43RF,2016-05-12T13:42:00,UTC
2016_GR_NASA,OIB_GR_20160412120700_NASA_Report.txt,WP-3D ORION,N43RF,2016-04-12T12:07:00,UTC
2016_GR_NASA,OIB_GR_20160909151700_NASA_Report.txt,HU-25A,N524NA,2016-09-09T15:17:00,UTC
2016_GR_NASA,OIB_GR_20160713191100_NASA_Report.txt,HU-25A,N524NA,2016-07-13T19:11:00,UTC
2016_GR_NASA,OIB_GR_20160913155800_NASA_Report.txt,HU-25A,N524NA,2016-09-13T15:58:00,UTC
2016_GR_NASA,OIB_GR_20160825160000_NASA_Report.txt,HU-25A,N524NA,2016-08-25T16:00:00,UTC
2016_GR_NASA,OIB_GR_20160712233300_NASA_Report.txt,HU-25A,N524NA,2016-07-12T23:33:00,UTC
2016_GR_NASA,OIB_GR_20160910113900_NASA_Report.txt,HU-25A,N524NA,2016-09-10T11:39:00,UTC
2016_GR_NASA,OIB_GR_20160711191300_NASA_Report.txt,HU-25A,N524NA,2016-07-11T19:13:00,UTC
2016_GR_NASA,OIB_GR_20160912102100_NASA_Report.txt,HU-25A,N524NA,2016-09-12T10:21:00,UTC
2016_GR_NASA,OIB_GR_20160719210300_NASA_Report.txt,HU-25A,N524NA,2016-07-19T21:03:00,UTC
2016_GR_NASA,OIB_GR_20160504104900_NASA_Report.txt,WP-3D ORION,N43RF,2016-05-04T10:49:00,UTC
2016_GR_NASA,OIB_GR_20160905101200_NASA_Report.txt,HU-25A,N524NA,2016-09-05T10:12:00,UTC
2016_GR_NASA,OIB_GR_20160917163500_NASA_Report.txt,HU-25A,N524NA,2016-09-17T16:35:00,UTC
2016_GR_NASA,OIB_GR_20160518104200_NASA_Report.txt,WP-3D ORION,N43RF,2016-05-18T10:42:00,UTC
2016_GR_NASA,OIB_GR_20160916134700_NASA_Report.txt,HU-25A,N524NA,2016-09-16T13:47:00,UTC
2016_GR_NASA,OIB_GR_20160416210100_NASA_Report.txt,WP-3D ORION,N43RF,2016-04-16T21:01:00,UTC
2016_GR_NASA,OIB_GR_20160919202500_NASA_Report.txt,HU-25A,N524NA,2016-09-19T20:25:00,UTC
2016_GR_NASA,OIB_GR_20160911101000_NASA_Report.txt,HU-25A,N524NA,2016-09-11T10:10:00,UTC
2017_AN_NASA,OIB_AN_20171206191000_NASA_Report.txt,BT-67,N167BT,2017-12-06T19:10:00,UTC
2017_AN_NASA,OIB_AN_20171201193000_NASA_Report.txt,BT-67,N167BT,2017-12-01T19:30:00,UTC
2017_AN_NASA,OIB_AN_20171116134700_NASA_Report.txt,P-3B,N426NA,2017-11-16T13:47:00,UTC
2017_AN_NASA,OIB_AN_20171227115000_NASA_Report.txt,BT-67,N167BT,2017-12-27T11:50:00,UTC
2017_AN_NASA,OIB_AN_20171229134200_NASA_Report.txt,BT-67,N167BT,2017-12-29T13:42:00,UTC
2017_AN_NASA,OIB_AN_20171117132500_NASA_Report.txt,BT-67,N167BT,2017-11-17T13:25:00,UTC
2017_AN_NASA,OIB_AN_20171114134500_NASA_Report.txt,P-3B,N426NA,2017-11-14T13:45:00,UTC
2017_AN_NASA,OIB_AN_20171130192200_NASA_Report.txt,BT-67,N167BT,2017-11-30T19:22:00,UTC
2017_AN_NASA,OIB_AN_20171023134700_NASA_Report.txt,P-3B,N426NA,2017-10-23T13:47:00,UTC
2017_AN_NASA,OIB_AN_20171204205500_NASA_Report.txt,BT-67,N167BT,2017-12-04T20:55:00,UTC
2017_AN_NASA,OIB_AN_20171217194600_NASA_Report.txt,BT-67,N167BT,2017-12-17T19:46:00,UTC
2017_AN_NASA,OIB_AN_20171127194000_NASA_Report.txt,BT-67,N167BT,2017-11-27T19:40:00,UTC
2017_AN_NASA,OIB_AN_20171113120300_NASA_Report.txt,BT-67,N167BT,2017-11-13T12:03:00,UTC
2017_AN_NASA,OIB_AN_20171121124200_NASA_Report.txt,P-3B,N426NA,2017-11-21T12:42:00,UTC
2017_AN_NASA,OIB_AN_20171031131800_NASA_Report.txt,P-3B,N426NA,2017-10-31T13:18:00,UTC
2017_AN_NASA,OIB_AN_20171226000900_NASA_Report.txt,BT-67,N167BT,2017-12-26T00:09:00,UTC
2017_AN_NASA,OIB_AN_20171215192600_NASA_Report.txt,BT-67,N167BT,2017-12-15T19:26:00,UTC
2017_AN_NASA,OIB_AN_20171216212200_NASA_Report.txt,BT-67,N167BT,2017-12-16T21:22:00,UTC
2017_AN_NASA,OIB_AN_20171029145300_NASA_Report.txt,P-3B,N426NA,2017-10-29T14:53:00,UTC
2017_AN_NASA,OIB_AN_20171127115000_NASA_Report.txt,P-3B,N426NA,2017-11-27T11:50:00,UTC
2017_AN_NASA,OIB_AN_20171226061500_NASA_Report.txt,BT-67,N167BT,2017-12-26T06:15:00,UTC
2017_AN_NASA,OIB_AN_20171025144800_NASA_Report.txt,P-3B,N426NA,2017-10-25T14:48:00,UTC
2017_AN_NASA,OIB_AN_20171215233400_NASA_Report.txt,BT-67,N167BT,2017-12-15T23:34:00,UTC
2017_AN_NASA,OIB_AN_20171125150100_NASA_Report.txt,P-3B,N426NA,2017-11-25T15:01:00,UTC
2017_AN_NASA,OIB_AN_20171128191000_NASA_Report.txt,BT-67,N167BT,2017-11-28T19:10:00,UTC
2017_AN_NASA,OIB_AN_20171129130500_NASA_Report.txt,P-3B,N426NA,2017-11-29T13:05:00,UTC
2017_AN_NASA,OIB_AN_20171202043100_NASA_Report.txt,BT-67,N167BT,2017-12-02T04:31:00,UTC
2017_AN_NASA,OIB_AN_20171214011300_NASA_Report.txt,BT-67,N167BT,2017-12-14T01:13:00,UTC
2017_AN_NASA,OIB_AN_20171126223500_NASA_Report.txt,BT-67,N167BT,2017-11-26T22:35:00,UTC
2017_AN_NASA,OIB_AN_20171230192700_NASA_Report.txt,BT-67,N167BT,2017-12-30T19:27:00,UTC
2017_AN_NASA,OIB_AN_20171214221000_NASA_Report.txt,BT-67,N167BT,2017-12-14T22:10:00,UTC
2017_AN_NASA,OIB_AN_20171128120000_NASA_Report.txt,P-3B,N426NA,2017-11-28T12:00:00,UTC
2017_AN_NASA,OIB_AN_20171124132800_NASA_Report.txt,P-3B,N426NA,2017-11-24T13:28:00,UTC
2017_AN_NASA,OIB_AN_20171204121800_NASA_Report.txt,P-3B,N426NA,2017-12-04T12:18:00,UTC
2017_AN_NASA,OIB_AN_20171112125000_NASA_Report.txt,P-3B,N426NA,2017-11-12T12:50:00,UTC
2017_AN_NASA,OIB_AN_20171017143000_NASA_Report.txt,P-3B,N426NA,2017-10-17T14:30:00,UTC
2017_AN_NASA,OIB_AN_20171204040800_NASA_Report.txt,BT-67,N167BT,2017-12-04T04:08:00,UTC
2017_AN_NASA,OIB_AN_20171122144000_NASA_Report.txt,P-3B,N426NA,2017-11-22T14:40:00,UTC
2017_AN_NASA,OIB_AN_20171228172200_NASA_Report.txt,BT-67,N167BT,2017-12-28T17:22:00,UTC
2017_AN_NASA,OIB_AN_20171203191000_NASA_Report.txt,BT-67,N167BT,2017-12-03T19:10:00,UTC
2017_AN_NASA,OIB_AN_20171116175000_NASA_Report.txt,BT-67,N167BT,2017-11-16T17:50:00,UTC
2017_AN_NASA,OIB_AN_20171208034600_NASA_Report.txt,BT-67,N167BT,2017-12-08T03:46:00,UTC
2017_AN_NASA,OIB_AN_20171104134000_NASA_Report.txt,P-3B,N426NA,2017-11-04T13:40:00,UTC
2017_AN_NASA,OIB_AN_20171103123800_NASA_Report.txt,P-3B,N426NA,2017-11-03T12:38:00,UTC
2017_AN_NASA,OIB_AN_20171024065900_NASA_Report.txt,P-3B,N426NA,2017-10-24T06:59:00,UTC
2017_AN_NASA,OIB_AN_20171112190500_NASA_Report.txt,BT-67,N167BT,2017-11-12T19:05:00,UTC
2017_AN_NASA,OIB_AN_20171018100100_NASA_Report.txt,P-3B,N426NA,2017-10-18T10:01:00,UTC
2017_AN_NASA,OIB_AN_20171112133000_NASA_Report.txt,BT-67,N167BT,2017-11-12T13:30:00,UTC
2017_AN_NASA,OIB_AN_20171127001300_NASA_Report.txt,BT-67,N167BT,2017-11-27T00:13:00,UTC
2017_AN_NASA,OIB_AN_20171213200000_NASA_Report.txt,BT-67,N167BT,2017-12-13T20:00:00,UTC
2017_AN_NASA,OIB_AN_20171228113800_NASA_Report.txt,BT-67,N167BT,2017-12-28T11:38:00,UTC
2017_AN_NASA,OIB_AN_20171117214500_NASA_Report.txt,BT-67,N167BT,2017-11-17T21:45:00,UTC
2017_AN_NASA,OIB_AN_20171111214500_NASA_Report.txt,BT-67,N167BT,2017-11-11T21:45:00,UTC
2017_AN_NASA,OIB_AN_20171019135000_NASA_Report.txt,P-3B,N426NA,2017-10-19T13:50:00,UTC
2017_AN_NASA,OIB_AN_20171231162500_NASA_Report.txt,BT-67,N167BT,2017-12-31T16:25:00,UTC
2017_AN_NASA,OIB_AN_20171129200000_NASA_Report.txt,P-3B,N426NA,2017-11-29T20:00:00,UTC
2017_AN_NASA,OIB_AN_20171230131500_NASA_Report.txt,BT-67,N167BT,2017-12-30T13:15:00,UTC
2017_AN_NASA,OIB_AN_20171204224600_NASA_Report.txt,BT-67,N167BT,2017-12-04T22:46:00,UTC
2017_AN_NASA,OIB_AN_20171121205500_NASA_Report.txt,BT-67,N167BT,2017-11-21T20:55:00,UTC
2017_AN_NASA,OIB_AN_20171113195500_NASA_Report.txt,BT-67,N167BT,2017-11-13T19:55:00,UTC
2017_AN_NASA,OIB_AN_20171202231500_NASA_Report.txt,BT-67,N167BT,2017-12-02T23:15:00,UTC
2017_GR_NASA,OIB_GR_20170906111900_NASA_Report.txt,B-200,N44U,2017-09-06T11:19:00,UTC
2017_GR_NASA,OIB_GR_20170424110000_NASA_Report.txt,P-3B,N426NA,2017-04-24T11:00:00,UTC
2017_GR_NASA,OIB_GR_20170718140300_NASA_Report.txt,HU-25A,N524NA,2017-07-18T14:03:00,UTC
2017_GR_NASA,OIB_GR_20170912163700_NASA_Report.txt,B-200,N44U,2017-09-12T16:37:00,UTC
2017_GR_NASA,OIB_GR_20170922162800_NASA_Report.txt,B-200,N44U,2017-09-22T16:28:00,UTC
2017_GR_NASA,OIB_GR_20170819200100_NASA_Report.txt,B-200,N44U,2017-08-19T20:01:00,UTC
2017_GR_NASA,OIB_GR_20170725155000_NASA_Report.txt,HU-25A,N524NA,2017-07-25T15:50:00,UTC
2017_GR_NASA,OIB_GR_20170902124000_NASA_Report.txt,B-200,N44U,2017-09-02T12:40:00,UTC
2017_GR_NASA,OIB_GR_20170329105300_NASA_Report.txt,P-3B,N426NA,2017-03-29T10:53:00,UTC
2017_GR_NASA,OIB_GR_20170419104000_NASA_Report.txt,P-3B,N426NA,2017-04-19T10:40:00,UTC
2017_GR_NASA,OIB_GR_20170412114500_NASA_Report.txt,P-3B,N426NA,2017-04-12T11:45:00,UTC
2017_GR_NASA,OIB_GR_20170922114600_NASA_Report.txt,B-200,N44U,2017-09-22T11:46:00,UTC
2017_GR_NASA,OIB_GR_20170726154000_NASA_Report.txt,HU-25A,N524NA,2017-07-26T15:40:00,UTC
2017_GR_NASA,OIB_GR_20170823102400_NASA_Report.txt,B-200,N44U,2017-08-23T10:24:00,UTC
2017_GR_NASA,OIB_GR_20170310134500_NASA_Report.txt,P-3B,N426NA,2017-03-10T13:45:00,UTC
2017_GR_NASA,OIB_GR_20170513175600_NASA_Report.txt,P-3B,N426NA,2017-05-13T17:56:00,UTC
2017_GR_NASA,OIB_GR_20170511100800_NASA_Report.txt,P-3B,N426NA,2017-05-11T10:08:00,UTC
2017_GR_NASA,OIB_GR_20170904105700_NASA_Report.txt,B-200,N44U,2017-09-04T10:57:00,UTC
2017_GR_NASA,OIB_GR_20170320125200_NASA_Report.txt,P-3B,N426NA,2017-03-20T12:52:00,UTC
2017_GR_NASA,OIB_GR_20170726115300_NASA_Report.txt,HU-25A,N524NA,2017-07-26T11:53:00,UTC
2017_GR_NASA,OIB_GR_20170328105500_NASA_Report.txt,P-3B,N426NA,2017-03-28T10:55:00,UTC
2017_GR_NASA,OIB_GR_20170324122000_NASA_Report.txt,P-3B,N426NA,2017-03-24T12:20:00,UTC
2017_GR_NASA,OIB_GR_20170503102000_NASA_Report.txt,P-3B,N426NA,2017-05-03T10:20:00,UTC
2017_GR_NASA,OIB_GR_20170421104900_NASA_Report.txt,P-3B,N426NA,2017-04-21T10:49:00,UTC
2017_GR_NASA,OIB_GR_20170724131000_NASA_Report.txt,HU-25A,N524NA,2017-07-24T13:10:00,UTC
2017_GR_NASA,OIB_GR_20170411110500_NASA_Report.txt,P-3B,N426NA,2017-04-11T11:05:00,UTC
2017_GR_NASA,OIB_GR_20170717133800_NASA_Report.txt,HU-25A,N524NA,2017-07-17T13:38:00,UTC
2017_GR_NASA,OIB_GR_20170508101500_NASA_Report.txt,P-3B,N426NA,2017-05-08T10:15:00,UTC
2017_GR_NASA,OIB_GR_20170512193200_NASA_Report.txt,P-3B,N426NA,2017-05-12T19:32:00,UTC
2017_GR_NASA,OIB_GR_20170501101600_NASA_Report.txt,P-3B,N426NA,2017-05-01T10:16:00,UTC
2017_GR_NASA,OIB_GR_20170710160800_NASA_Report.txt,HU-25A,N524NA,2017-07-10T16:08:00,UTC
2017_GR_NASA,OIB_GR_20170414105500_NASA_Report.txt,P-3B,N426NA,2017-04-14T10:55:00,UTC
2017_GR_NASA,OIB_GR_20170323105200_NASA_Report.txt,P-3B,N426NA,2017-03-23T10:52:00,UTC
2017_GR_NASA,OIB_GR_20170312165800_NASA_Report.txt,P-3B,N426NA,2017-03-12T16:58:00,UTC
2017_GR_NASA,OIB_GR_20170331111500_NASA_Report.txt,P-3B,N426NA,2017-03-31T11:15:00,UTC
2017_GR_NASA,OIB_GR_20170417110000_NASA_Report.txt,P-3B,N426NA,2017-04-17T11:00:00,UTC
2017_GR_NASA,OIB_GR_20170921145100_NASA_Report.txt,B-200,N44U,2017-09-21T14:51:00,UTC
2017_GR_NASA,OIB_GR_20170821134000_NASA_Report.txt,B-200,N44U,2017-08-21T13:40:00,UTC
2017_GR_NASA,OIB_GR_20170829112400_NASA_Report.txt,B-200,N44U,2017-08-29T11:24:00,UTC
2017_GR_NASA,OIB_GR_20170905101700_NASA_Report.txt,B-200,N44U,2017-09-05T10:17:00,UTC
2017_GR_NASA,OIB_GR_20170920131200_NASA_Report.txt,B-200,N44U,2017-09-20T13:12:00,UTC
2017_GR_NASA,OIB_GR_20170311182600_NASA_Report.txt,P-3B,N426NA,2017-03-11T18:26:00,UTC
2017_GR_NASA,OIB_GR_20171005170000_NASA_Report.txt,B-200,N44U,2017-10-05T17:00:00,UTC
2017_GR_NASA,OIB_GR_20170322111000_NASA_Report.txt,P-3B,N426NA,2017-03-22T11:10:00,UTC
2017_GR_NASA,OIB_GR_20170406080000_NASA_Report.txt,P-3B,N426NA,2017-04-06T08:00:00,UTC
2017_GR_NASA,OIB_GR_20170513105300_NASA_Report.txt,P-3B,N426NA,2017-05-13T10:53:00,UTC
2017_GR_NASA,OIB_GR_20170821190500_NASA_Report.txt,B-200,N44U,2017-08-21T19:05:00,UTC
2017_GR_NASA,OIB_GR_20170912100800_NASA_Report.txt,B-200,N44U,2017-09-12T10:08:00,UTC
2017_GR_NASA,OIB_GR_20170909112100_NASA_Report.txt,B-200,N44U,2017-09-09T11:21:00,UTC
2017_GR_NASA,OIB_GR_20170510101900_NASA_Report.txt,P-3B,N426NA,2017-05-10T10:19:00,UTC
2017_GR_NASA,OIB_GR_20170913120700_NASA_Report.txt,B-200,N44U,2017-09-13T12:07:00,UTC
2017_GR_NASA,OIB_GR_20170426102300_NASA_Report.txt,P-3B,N426NA,2017-04-26T10:23:00,UTC
2017_GR_NASA,OIB_GR_20170727122000_NASA_Report.txt,HU-25A,N524NA,2017-07-27T12:20:00,UTC
2017_GR_NASA,OIB_GR_20170428111100_NASA_Report.txt,P-3B,N426NA,2017-04-28T11:11:00,UTC
2017_GR_NASA,OIB_GR_20170824110900_NASA_Report.txt,B-200,N44U,2017-08-24T11:09:00,UTC
2017_GR_NASA,OIB_GR_20170830120700_NASA_Report.txt,B-200,N44U,2017-08-30T12:07:00,UTC
2017_GR_NASA,OIB_GR_20170822131900_NASA_Report.txt,B-200,N44U,2017-08-22T13:19:00,UTC
2017_GR_NASA,OIB_GR_20170410110000_NASA_Report.txt,P-3B,N426NA,2017-04-10T11:00:00,UTC
2017_GR_NASA,OIB_GR_20170330105300_NASA_Report.txt,P-3B,N426NA,2017-03-30T10:53:00,UTC
2017_GR_NASA,OIB_GR_20170327105400_NASA_Report.txt,P-3B,N426NA,2017-03-27T10:54:00,UTC
2017_GR_NASA,OIB_GR_20170822162400_NASA_Report.txt,B-200,N44U,2017-08-22T16:24:00,UTC
2017_GR_NASA,OIB_GR_20170314164700_NASA_Report.txt,P-3B,N426NA,2017-03-14T16:47:00,UTC
2017_GR_NASA,OIB_GR_20170725111000_NASA_Report.txt,HU-25A,N524NA,2017-07-25T11:10:00,UTC
2017_GR_NASA,OIB_GR_20170420130400_NASA_Report.txt,P-3B,N426NA,2017-04-20T13:04:00,UTC
2017_GR_NASA,OIB_GR_20170817151800_NASA_Report.txt,B-200,N44U,2017-08-17T15:18:00,UTC
2017_GR_NASA,OIB_GR_20170901112400_NASA_Report.txt,B-200,N44U,2017-09-01T11:24:00,UTC
2017_GR_NASA,OIB_GR_20170922183500_NASA_Report.txt,B-200,N44U,2017-09-22T18:35:00,UTC
2017_GR_NASA,OIB_GR_20170429103900_NASA_Report.txt,P-3B,N426NA,2017-04-29T10:39:00,UTC
2017_GR_NASA,OIB_GR_20170919133000_NASA_Report.txt,B-200,N44U,2017-09-19T13:30:00,UTC
2017_GR_NASA,OIB_GR_20170506101300_NASA_Report.txt,P-3B,N426NA,2017-05-06T10:13:00,UTC
2017_GR_NASA,OIB_GR_20170413104500_NASA_Report.txt,P-3B,N426NA,2017-04-13T10:45:00,UTC
2017_GR_NASA,OIB_GR_20170403141500_NASA_Report.txt,P-3B,N426NA,2017-04-03T14:15:00,UTC
2017_GR_NASA,OIB_GR_20170407100500_NASA_Report.txt,P-3B,N426NA,2017-04-07T10:05:00,UTC
2017_GR_NASA,OIB_GR_20170918111800_NASA_Report.txt,B-200,N44U,2017-09-18T11:18:00,UTC
2017_GR_NASA,OIB_GR_20170309115800_NASA_Report.txt,P-3B,N426NA,2017-03-09T11:58:00,UTC
2017_GR_NASA,OIB_GR_20170719130700_NASA_Report.txt,HU-25A,N524NA,2017-07-19T13:07:00,UTC
2017_GR_NASA,OIB_GR_20170816210800_NASA_Report.txt,B-200,N44U,2017-08-16T21:08:00,UTC
2017_GR_NASA,OIB_GR_20170405085500_NASA_Report.txt,P-3B,N426NA,2017-04-05T08:55:00,UTC
2017_GR_NASA,OIB_GR_20170422120400_NASA_Report.txt,P-3B,N426NA,2017-04-22T12:04:00,UTC
2017_GR_NASA,OIB_GR_20170502101700_NASA_Report.txt,P-3B,N426NA,2017-05-02T10:17:00,UTC
2017_GR_NASA,OIB_GR_20170825131200_NASA_Report.txt,B-200,N44U,2017-08-25T13:12:00,UTC
2017_GR_NASA,OIB_GR_20170505101600_NASA_Report.txt,P-3B,N426NA,2017-05-05T10:16:00,UTC
2018_GR_NASA,OIB_GR_20180425112300_NASA_Report.txt,P-3B,N426NA,2018-04-25T11:23:00,UTC
2018_GR_NASA,OIB_GR_20180501112200_NASA_Report.txt,P-3B,N426NA,2018-05-01T11:22:00,UTC
2018_GR_NASA,OIB_GR_20180419105000_NASA_Report.txt,P-3B,N426NA,2018-04-19T10:50:00,UTC
2018_GR_NASA,OIB_GR_20180313183000_NASA_Report.txt,P-3B,N426NA,2018-03-13T18:30:00,UTC
2018_GR_NASA,OIB_GR_20180405103500_NASA_Report.txt,P-3B,N426NA,2018-04-05T10:35:00,UTC
2018_GR_NASA,OIB_GR_20180318171200_NASA_Report.txt,P-3B,N426NA,2018-03-18T17:12:00,UTC
2018_GR_NASA,OIB_GR_20180408182800_NASA_Report.txt,P-3B,N426NA,2018-04-08T18:28:00,UTC
2018_GR_NASA,OIB_GR_20180421034000_NASA_Report.txt,P-3B,N426NA,2018-04-21T10:34:00,UTC
2018_GR_NASA,OIB_GR_20180503110000_NASA_Report.txt,P-3B,N426NA,2018-05-03T11:00:00,UTC
2018_GR_NASA,OIB_GR_20180322105600_NASA_Report.txt,P-3B,N426NA,2018-03-22T10:56:00,UTC
2018_GR_NASA,OIB_GR_20180314144800_NASA_Report.txt,P-3B,N426NA,2018-03-14T14:48:00,UTC
2018_GR_NASA,OIB_GR_20180429105000_NASA_Report.txt,P-3B,N426NA,2018-04-29T10:50:00,UTC
2018_GR_NASA,OIB_GR_20180503181500_NASA_Report.txt,P-3B,N426NA,2018-05-03T18:15:00,UTC
2018_GR_NASA,OIB_GR_20180414175600_NASA_Report.txt,P-3B,N426NA,2018-04-14T17:56:00,UTC
2018_GR_NASA,OIB_GR_20180427103700_NASA_Report.txt,P-3B,N426NA,2018-04-27T10:37:00,UTC
2018_GR_NASA,OIB_GR_20180418105800_NASA_Report.txt,P-3B,N426NA,2018-04-18T10:58:00,UTC
2018_GR_NASA,OIB_GR_20180416100600_NASA_Report.txt,P-3B,N426NA,2018-04-16T10:06:00,UTC
2018_GR_NASA,OIB_GR_20180420122300_NASA_Report.txt,P-3B,N426NA,2018-04-20T12:21:00,UTC
2018_GR_NASA,OIB_GR_20180404105300_NASA_Report.txt,P-3B,N426NA,2018-04-04T10:53:00,UTC
2018_GR_NASA,OIB_GR_20180426103500_NASA_Report.txt,P-3B,N426NA,2018-04-26T10:35:00,UTC
2018_GR_NASA,OIB_GR_20180315135500_NASA_Report.txt,P-3B,N426NA,2018-03-15T13:55:00,UTC
2018_GR_NASA,OIB_GR_20180423123400_NASA_Report.txt,P-3B,N426NA,2018-04-23T12:34:00,UTC
2018_GR_NASA,OIB_GR_20180430104200_NASA_Report.txt,P-3B,N426NA,2018-04-30T10:42:00,UTC
2018_GR_NASA,OIB_GR_20180320100100_NASA_Report.txt,P-3B,N426NA,2018-03-20T10:01:00,UTC
2018_GR_NASA,OIB_GR_20180422141000_NASA_Report.txt,P-3B,N426NA,2018-04-22T14:10:00,UTC
2018_GR_NASA,OIB_GR_20180503185500_NASA_Report.txt,P-3B,N426NA,2018-05-03T18:55:00,UTC
2018_GR_NASA,OIB_GR_20180407165300_NASA_Report.txt,P-3B,N426NA,2018-04-07T16:53:00,UTC
2018_GR_NASA,OIB_GR_20180403105300_NASA_Report.txt,P-3B,N426NA,2018-04-03T10:53:00,UTC
2018_GR_NASA,OIB_GR_20180406125500_NASA_Report.txt,P-3B,N426NA,2018-04-06T12:55:00,UTC
